EVENT_ID,CZ_NAME_STR,BEGIN_LOCATION,BEGIN_DATE,BEGIN_TIME,EVENT_TYPE,MAGNITUDE,TOR_F_SCALE,DEATHS_DIRECT,INJURIES_DIRECT,DAMAGE_PROPERTY_NUM,DAMAGE_CROPS_NUM,STATE_ABBR,CZ_TIMEZONE,MAGNITUDE_TYPE,EPISODE_ID,CZ_TYPE,CZ_FIPS,WFO,INJURIES_INDIRECT,DEATHS_INDIRECT,SOURCE,FLOOD_CAUSE,TOR_LENGTH,TOR_WIDTH,BEGIN_RANGE,BEGIN_AZIMUTH,END_RANGE,END_AZIMUTH,END_LOCATION,BEGIN_LAT,BEGIN_LON,END_LAT,END_LON,ABSOLUTE_ROWNUMBER
76350,ALLEGHENY (ZONE), ,01/30/2008,300,High Wind,50.00, ,0,0,75000,0,PA,EST-5,EG,13639,Z,21,PBZ,0,0,Emergency Manager, , , , , , , , , , , , ,1
83279,ALLEGHENY (ZONE), ,02/06/2008,1800,High Wind,50.00, ,0,0,75000,0,PA,EST-5,EG,14708,Z,21,PBZ,0,0,NWS Employee, , , , , , , , , , , , ,2
83291,ALLEGHENY (ZONE), ,02/10/2008,1300,High Wind,50.00, ,0,0,100000,0,PA,EST-5,EG,14710,Z,21,PBZ,0,0,Emergency Manager, , , , , , , , , , , , ,3
81990,ALLEGHENY (ZONE), ,02/12/2008,700,Winter Storm, , ,0,0,0,0,PA,EST-5, ,14533,Z,21,PBZ,0,0,Law Enforcement, , , , , , , , , , , , ,4
82004,ALLEGHENY (ZONE), ,02/29/2008,900,Heavy Snow, , ,0,0,0,0,PA,EST-5, ,14539,Z,21,PBZ,0,0,Trained Spotter, , , , , , , , , , , , ,5
87833,ALLEGHENY CO.,BRIDGEVILLE,03/04/2008,1050,Flood, , ,0,0,100000,0,PA,EST-5, ,15456,C,3,PBZ,0,0,Emergency Manager,Heavy Rain / Snow Melt, , ,0,N,0,N,PORT VUE,40.37,-80.13,40.357,-79.8692,6
102594,ALLEGHENY CO.,WEXFORD,06/16/2008,1508,Hail,0.75, ,0,0,0,0,PA,EST-5, ,17728,C,3,PBZ,0,0,Trained Spotter, , , ,0,N,0,N,WEXFORD,40.63,-80.05,40.63,-80.05,7
102597,ALLEGHENY CO.,BRADFORD WOODS,06/16/2008,1510,Thunderstorm Wind,50.00, ,0,0,50000,0,PA,EST-5,EG,17728,C,3,PBZ,0,0,Emergency Manager, , , ,0,N,0,N,BRADFORD WOODS,40.63,-80.08,40.63,-80.08,8
102598,ALLEGHENY CO.,RUSSELTON,06/16/2008,1530,Thunderstorm Wind,50.00, ,0,0,75000,0,PA,EST-5,EG,17728,C,3,PBZ,0,0,Emergency Manager, , , ,0,SE,0,SE,RUSSELTON,40.62,-79.83,40.62,-79.83,9
102623,ALLEGHENY CO.,HARDY,06/16/2008,1650,Flash Flood, , ,0,0,125000,0,PA,EST-5, ,17728,C,3,PBZ,0,0,Emergency Manager,Heavy Rain, , ,1,NW,1,NW,HARDY,40.6344,-79.9841,40.627,-79.9798,10
102595,ALLEGHENY CO.,MT LEBANON,06/16/2008,1815,Hail,0.88, ,0,0,0,0,PA,EST-5, ,17728,C,3,PBZ,0,0,Public, , , ,1,W,1,W,MT LEBANON,40.38,-80.049,40.38,-80.049,11
102596,ALLEGHENY CO.,BETHEL PARK,06/16/2008,1818,Hail,0.88, ,0,0,0,0,PA,EST-5, ,17728,C,3,PBZ,0,0,Public, , , ,1,W,1,W,BETHEL PARK,40.32,-80.04,40.32,-80.04,12
104263,ALLEGHENY CO.,BAYNE,06/26/2008,1845,Thunderstorm Wind,50.00, ,0,0,75000,0,PA,EST-5,EG,17955,C,3,PBZ,0,0,Emergency Manager, , , ,1,ESE,1,ESE,BAYNE,40.59,-80.1,40.59,-80.1,13
104264,ALLEGHENY CO.,CARNEGIE,06/26/2008,1920,Thunderstorm Wind,50.00, ,0,0,35000,0,PA,EST-5,EG,17955,C,3,PBZ,0,0,Emergency Manager, , , ,1,SW,1,SW,CARNEGIE,40.41,-80.09,40.41,-80.09,14
104265,ALLEGHENY CO.,RIVERTON,06/26/2008,1930,Thunderstorm Wind,50.00, ,0,0,25000,0,PA,EST-5,EG,17955,C,3,PBZ,0,0,Emergency Manager, , , ,1,SE,1,SE,RIVERTON,40.34,-79.84,40.34,-79.84,15
114873,ALLEGHENY CO.,WOODVILLE,06/28/2008,1745,Thunderstorm Wind,50.00, ,0,0,75000,0,PA,EST-5,EG,19419,C,3,PBZ,0,0,Broadcast Media, , , ,1,ENE,1,ENE,WOODVILLE,40.384,-80.0871,40.384,-80.0871,16
114872,ALLEGHENY CO.,MAGILL HGTS,06/28/2008,1750,Thunderstorm Wind,50.00, ,0,0,35000,0,PA,EST-5,EG,19419,C,3,PBZ,0,0,Amateur Radio, , , ,2,SW,2,SW,MAGILL HGTS,40.6051,-79.8739,40.6051,-79.8739,17
114870,ALLEGHENY CO.,MT NEBO,06/28/2008,1758,Thunderstorm Wind,50.00, ,0,0,100000,0,PA,EST-5,EG,19419,C,3,PBZ,0,0,Amateur Radio, , , ,1,ENE,1,ENE,MT NEBO,40.5532,-80.1084,40.5532,-80.1084,18
115369,ALLEGHENY CO.,MT LEBANON,06/29/2008,1644,Thunderstorm Wind,50.00, ,0,0,125000,0,PA,EST-5,EG,19497,C,3,PBZ,0,0,Emergency Manager, , , ,1,WSW,1,NW,BALDWIN,40.37,-80.05,40.3884,-79.9661,19
115374,ALLEGHENY CO.,WHITE OAK,06/29/2008,1645,Thunderstorm Wind,50.00, ,0,0,75000,0,PA,EST-5,EG,19497,C,3,PBZ,0,0,Trained Spotter, , , ,1,S,1,S,WHITE OAK,40.3397,-79.8026,40.3397,-79.8026,20
115445,ALLEGHENY CO.,SOUTH PARK,06/29/2008,1836,Thunderstorm Wind,50.00, ,0,0,75000,0,PA,EST-5,EG,19497,C,3,PBZ,0,0,Public, , , ,0,S,0,S,SOUTH PARK,40.32,-80.03,40.32,-80.03,21
125437,ALLEGHENY CO.,BELLEVUE,07/06/2008,1630,Flash Flood, , ,0,0,15000,0,PA,EST-5, ,21206,C,3,PBZ,0,0,NWS Employee,Heavy Rain, , ,1,SE,1,SE,BELLEVUE,40.4615,-80.0069,40.462,-80.007,22
126156,ALLEGHENY CO.,EDGEWOOD,07/20/2008,1310,Thunderstorm Wind,62.00, ,0,0,0,0,PA,EST-5,MG,21348,C,3,PBZ,0,0,Trained Spotter, , , ,2,WNW,2,WNW,EDGEWOOD,40.44,-79.92,40.44,-79.92,23
126176,ALLEGHENY CO.,PITCAIRN,07/23/2008,1224,Flash Flood, , ,0,0,50000,0,PA,EST-5, ,21354,C,3,PBZ,0,0,Emergency Manager,Heavy Rain, , ,1,WSW,1,WSW,PITCAIRN,40.3954,-79.7971,40.3944,-79.797,24
130439,ALLEGHENY CO.,SHARPSBURG,08/05/2008,730,Flash Flood, , ,0,0,10000,0,PA,EST-5, ,22140,C,3,PBZ,0,0,Emergency Manager,Heavy Rain, , ,1,SSW,1,SSW,SHARPSBURG,40.4853,-79.9103,40.4838,-79.9102,25
130451,ALLEGHENY CO.,CUDDY,08/14/2008,1600,Flash Flood, , ,0,0,25000,0,PA,EST-5, ,22146,C,3,PBZ,0,0,Emergency Manager,Heavy Rain, , ,0,WSW,0,WSW,CUDDY,40.348,-80.1586,40.3473,-80.1586,26
134298,ALLEGHENY (ZONE), ,09/14/2008,1930,High Wind,58.00, ,0,0,10000,0,PA,EST-5,MG,22923,Z,21,PBZ,0,0,ASOS, , , , , , , , , , , , ,27
149300,ALLEGHENY (ZONE), ,01/16/2009,400,Extreme Cold/Wind Chill, , ,0,0,0,0,PA,EST-5, ,25558,Z,21,PBZ,0,0,ASOS, , , , , , , , , , , , ,28
149330,ALLEGHENY (ZONE), ,01/27/2009,1800,Winter Storm, , ,0,0,0,0,PA,EST-5, ,25563,Z,21,PBZ,0,0,Law Enforcement, , , , , , , , , , , , ,29
153985,ALLEGHENY CO.,NEW TEXAS,02/11/2009,1950,Thunderstorm Wind,50.00, ,0,0,50000,0,PA,EST-5,EG,26310,C,3,PBZ,0,0,Emergency Manager, , , ,0,N,0,N,NEW TEXAS,40.5,-79.75,40.5,-79.75,30
153991,ALLEGHENY CO.,ALLEGHENY CO ARPT,02/11/2009,1953,Thunderstorm Wind,80.00, ,0,0,0,0,PA,EST-5,EG,26310,C,3,PBZ,0,0,ASOS, , , ,0,S,0,S,ALLEGHENY CO ARPT,40.35,-79.93,40.35,-79.93,31
154017,ALLEGHENY (ZONE), ,02/12/2009,107,High Wind,50.00, ,0,0,300000,0,PA,EST-5,EG,26310,Z,21,PBZ,0,0,Trained Spotter, , , , , , , , , , , , ,32
163161,ALLEGHENY CO.,EAST CARNEGIE,05/11/2009,1645,Hail,0.88, ,0,0,0,0,PA,EST-5, ,27785,C,3,PBZ,0,0,Public, , , ,1,E,1,E,EAST CARNEGIE,40.42,-80.06,40.42,-80.06,33
163160,ALLEGHENY CO.,CARNEGIE,05/11/2009,1645,Hail,1.25, ,0,0,0,0,PA,EST-5, ,27785,C,3,PBZ,0,0,Public, , , ,1,SW,1,SW,CARNEGIE,40.41,-80.09,40.41,-80.09,34
163162,ALLEGHENY CO.,OPTION,05/11/2009,1650,Hail,0.75, ,0,0,0,0,PA,EST-5, ,27785,C,3,PBZ,0,0,Public, , , ,1,N,1,N,OPTION,40.44,-79.98,40.44,-79.98,35
163163,ALLEGHENY CO.,OPTION,05/11/2009,1700,Hail,0.88, ,0,0,0,0,PA,EST-5, ,27785,C,3,PBZ,0,0,Public, , , ,1,N,1,N,OPTION,40.44,-79.98,40.44,-79.98,36
163167,ALLEGHENY CO.,MONTOUR JCT,05/24/2009,1326,Hail,0.88, ,0,0,0,0,PA,EST-5, ,27788,C,3,PBZ,0,0,Public, , , ,1,SW,1,SW,MONTOUR JCT,40.51,-80.16,40.51,-80.16,37
178313,ALLEGHENY CO.,CRAFTON,06/17/2009,1747,Hail,0.88, ,0,0,0,0,PA,EST-5, ,30442,C,3,PBZ,0,0,Trained Spotter, , , ,1,E,1,E,CRAFTON,40.4309,-80.011,40.4309,-80.011,38
178323,ALLEGHENY CO.,CRAFTON,06/17/2009,1915,Thunderstorm Wind,52.00, ,0,0,0,0,PA,EST-5,EG,30442,C,3,PBZ,0,0,Trained Spotter, , , ,1,E,1,E,CRAFTON,40.4306,-80.0096,40.4306,-80.0096,39
178303,ALLEGHENY CO.,OPTION,06/17/2009,1930,Flash Flood, , ,0,0,9000,0,PA,EST-5, ,30442,C,3,PBZ,0,0,Emergency Manager,Heavy Rain, , ,1,N,0,SSW,LIBERTY,40.44,-79.98,40.3267,-79.8816,40
179839,ALLEGHENY CO.,LIBRARY,06/26/2009,1630,Thunderstorm Wind,50.00, ,0,0,50000,0,PA,EST-5,EG,30693,C,3,PBZ,0,0,Law Enforcement, , , ,1,S,1,S,LIBRARY,40.2884,-80.0306,40.2884,-80.0306,41
186587,ALLEGHENY CO.,WEST MIFFLIN,07/21/2009,1405,Hail,0.75, ,0,0,0,0,PA,EST-5, ,31775,C,3,PBZ,0,0,Trained Spotter, , , ,1,SE,1,SE,WEST MIFFLIN,40.36,-79.91,40.36,-79.91,42
186588,ALLEGHENY CO.,BRACKENRIDGE,07/21/2009,1408,Hail,0.88, ,0,0,0,0,PA,EST-5, ,31775,C,3,PBZ,0,0,Public, , , ,1,SW,1,SW,BRACKENRIDGE,40.61,-79.76,40.61,-79.76,43
186589,ALLEGHENY CO.,MUNHALL,07/21/2009,1410,Hail,0.75, ,0,0,0,0,PA,EST-5, ,31775,C,3,PBZ,0,0,Trained Spotter, , , ,1,ESE,1,ESE,MUNHALL,40.39,-79.9,40.39,-79.9,44
186590,ALLEGHENY CO.,MUNHALL,07/21/2009,1410,Hail,0.88, ,0,0,0,0,PA,EST-5, ,31775,C,3,PBZ,0,0,Public, , , ,1,NE,1,NE,MUNHALL,40.41,-79.91,40.41,-79.91,45
186592,ALLEGHENY CO.,WEXFORD,07/21/2009,1520,Hail,1.00, ,0,0,0,0,PA,EST-5, ,31775,C,3,PBZ,0,0,Public, , , ,0,N,0,N,WEXFORD,40.63,-80.05,40.63,-80.05,46
186595,ALLEGHENY CO.,BRADFORD WOODS,07/21/2009,1530,Hail,1.00, ,0,0,0,0,PA,EST-5, ,31775,C,3,PBZ,0,0,NWS Employee, , , ,1,N,1,N,BRADFORD WOODS,40.64,-80.08,40.64,-80.08,47
186597,ALLEGHENY CO.,WEXFORD,07/21/2009,1530,Hail,0.75, ,0,0,0,0,PA,EST-5, ,31775,C,3,PBZ,0,0,Public, , , ,2,ENE,2,ENE,WEXFORD,40.64,-80.02,40.64,-80.02,48
205009,ALLEGHENY (ZONE), ,12/09/2009,1300,High Wind,50.00, ,0,0,0,0,PA,EST-5,EG,35450,Z,21,PBZ,0,0,Trained Spotter, , , , , , , , , , , , ,49
206605,ALLEGHENY (ZONE), ,12/13/2009,600,Winter Weather, , ,0,0,0,0,PA,EST-5, ,35689,Z,21,PBZ,0,0,Law Enforcement, , , , , , , , , , , , ,50
210709,ALLEGHENY CO.,OPTION,01/26/2010,545,Flood, , ,0,0,75000,0,PA,EST-5, ,36358,C,3,PBZ,0,0,Official NWS Observations,Heavy Rain / Snow Melt, , ,1,WNW,1,NNE,CRAFTON,40.4386,-80.0035,40.4474,-80.0228,51
213894,ALLEGHENY (ZONE), ,02/05/2010,1400,Heavy Snow, , ,0,0,0,0,PA,EST-5, ,36795,Z,21,PBZ,0,0,Official NWS Observations, , , , , , , , , , , , ,52
214580,ALLEGHENY (ZONE), ,02/09/2010,1600,Winter Storm, , ,0,0,0,0,PA,EST-5, ,36892,Z,21,PBZ,0,0,Official NWS Observations, , , , , , , , , , , , ,53
221273,ALLEGHENY CO.,HIGHCLIFF,04/16/2010,1445,Thunderstorm Wind,55.00, ,0,1,4000,0,PA,EST-5,EG,38054,C,3,PBZ,0,0,Newspaper, , , ,0,NE,0,NE,HIGHCLIFF,40.5218,-80.027,40.5218,-80.027,54
221281,ALLEGHENY CO.,BRENTWOOD,04/16/2010,1450,Thunderstorm Wind,50.00, ,0,0,75000,0,PA,EST-5,EG,38054,C,3,PBZ,0,0,County Official, , , ,1,NW,1,NW,BRENTWOOD,40.3782,-79.9798,40.3782,-79.9798,55
221259,ALLEGHENY CO.,CASTLE SHANNON,04/16/2010,1450,Thunderstorm Wind,55.00, ,0,0,200000,0,PA,EST-5,EG,38054,C,3,PBZ,0,0,Trained Spotter, , , ,1,SE,1,SE,CASTLE SHANNON,40.3411,-80.0383,40.3411,-80.0383,56
221265,ALLEGHENY CO.,ALLEGHENY CO ARPT,04/16/2010,1453,Thunderstorm Wind,57.00, ,0,0,75000,0,PA,EST-5,MG,38054,C,3,PBZ,0,0,ASOS, , , ,0,SE,0,SE,ALLEGHENY CO ARPT,40.35,-79.93,40.35,-79.93,57
221280,ALLEGHENY CO.,BRADDOCK,04/16/2010,1455,Thunderstorm Wind,60.00, ,0,0,100000,0,PA,EST-5,EG,38054,C,3,PBZ,0,0,Newspaper, , , ,0,N,0,N,BRADDOCK,40.4,-79.82,40.4,-79.82,58
221260,ALLEGHENY CO.,MONROEVILLE ARPT,04/16/2010,1455,Thunderstorm Wind,50.00, ,0,0,25000,0,PA,EST-5,EG,38054,C,3,PBZ,0,0,Trained Spotter, , , ,1,ESE,1,ESE,MONROEVILLE ARPT,40.4456,-79.7594,40.4456,-79.7594,59
221282,ALLEGHENY CO.,MC KEESPORT,04/16/2010,1455,Thunderstorm Wind,50.00, ,0,0,35000,0,PA,EST-5,EG,38054,C,3,PBZ,0,0,Newspaper, , , ,0,N,0,N,MC KEESPORT,40.33,-79.83,40.33,-79.83,60
221299,ALLEGHENY CO.,BRUCETON,04/25/2010,1430,Thunderstorm Wind,50.00, ,0,0,5000,0,PA,EST-5,EG,38059,C,3,PBZ,0,0,Trained Spotter, , , ,1,SSW,1,SSW,BRUCETON,40.3,-79.99,40.3,-79.99,61
221773,ALLEGHENY CO.,NATRONA,05/11/2010,2230,Thunderstorm Wind,50.00, ,0,0,100000,0,PA,EST-5,EG,38154,C,3,PBZ,0,0,Broadcast Media, , , ,0,SW,0,SW,NATRONA,40.6149,-79.7345,40.6149,-79.7345,62
221803,ALLEGHENY CO.,HOMESTEAD,05/14/2010,1444,Hail,0.75, ,0,0,0,0,PA,EST-5, ,38163,C,3,PBZ,0,0,Public, , , ,1,N,1,N,HOMESTEAD,40.39,-79.95,40.39,-79.95,63
221804,ALLEGHENY CO.,TURTLE CREEK,05/14/2010,1444,Hail,0.75, ,0,0,0,0,PA,EST-5, ,38163,C,3,PBZ,0,0,Public, , , ,1,NE,1,NE,TURTLE CREEK,40.4289,-79.8083,40.4289,-79.8083,64
224837,ALLEGHENY CO.,MOON,05/28/2010,1730,Thunderstorm Wind,50.00, ,0,0,25000,0,PA,EST-5,EG,38783,C,3,PBZ,0,0,Public, , , ,1,E,1,E,MOON,40.5,-80.21,40.5,-80.21,65
230202,ALLEGHENY CO.,PITTSBURGH,06/02/2010,1530,Thunderstorm Wind,50.00, ,0,0,75000,0,PA,EST-5,EG,39602,C,3,PBZ,0,0,Law Enforcement, , , ,2,W,2,W,PITTSBURGH,40.43,-80.0085,40.43,-80.0085,66
230193,ALLEGHENY CO.,OAKDALE,06/02/2010,1807,Hail,0.88, ,0,0,0,0,PA,EST-5, ,39602,C,3,PBZ,0,0,Public, , , ,1,W,1,W,OAKDALE,40.4,-80.19,40.4,-80.19,67
230196,ALLEGHENY CO.,IMPERIAL,06/02/2010,1810,Hail,1.75, ,0,0,0,0,PA,EST-5, ,39602,C,3,PBZ,0,0,Trained Spotter, , , ,1,E,1,E,IMPERIAL,40.45,-80.24,40.45,-80.24,68
230194,ALLEGHENY CO.,CLIFF MINE,06/02/2010,1810,Hail,0.88, ,0,0,0,0,PA,EST-5, ,39602,C,3,PBZ,0,0,Trained Spotter, , , ,1,E,1,E,CLIFF MINE,40.45,-80.18,40.45,-80.18,69
230197,ALLEGHENY CO.,GAYLY,06/02/2010,1831,Hail,1.00, ,0,0,0,0,PA,EST-5, ,39602,C,3,PBZ,0,0,Amateur Radio, , , ,2,WSW,2,WSW,GAYLY,40.44,-80.16,40.44,-80.16,70
230198,ALLEGHENY CO.,EAST CARNEGIE,06/02/2010,1838,Hail,1.00, ,0,0,0,0,PA,EST-5, ,39602,C,3,PBZ,0,0,Amateur Radio, , , ,1,ESE,1,ESE,EAST CARNEGIE,40.41,-80.05,40.41,-80.05,71
230205,ALLEGHENY CO.,OPTION,06/02/2010,1855,Thunderstorm Wind,50.00, ,0,0,25000,0,PA,EST-5,EG,39602,C,3,PBZ,0,0,Amateur Radio, , , ,1,WSW,1,WSW,OPTION,40.42,-80,40.42,-80,72
230206,ALLEGHENY CO.,MUNHALL,06/02/2010,1858,Thunderstorm Wind,50.00, ,0,0,25000,0,PA,EST-5,EG,39602,C,3,PBZ,0,0,Trained Spotter, , , ,1,ESE,1,ESE,MUNHALL,40.39,-79.9,40.39,-79.9,73
230207,ALLEGHENY CO.,RIVERTON,06/02/2010,1915,Thunderstorm Wind,50.00, ,0,0,25000,0,PA,EST-5,EG,39602,C,3,PBZ,0,0,Trained Spotter, , , ,1,SE,1,SE,RIVERTON,40.34,-79.84,40.34,-79.84,74
230621,ALLEGHENY CO.,CLIFF MINE,06/05/2010,1615,Flash Flood, , ,0,0,50000,0,PA,EST-5, ,39674,C,3,PBZ,0,0,Emergency Manager,Heavy Rain, , ,1,WNW,1,W,CLIFF MINE,40.4556,-80.2225,40.4517,-80.2198,75
230611,ALLEGHENY CO.,BRENTWOOD,06/05/2010,1634,Flash Flood, , ,0,0,50000,0,PA,EST-5, ,39674,C,3,PBZ,0,0,Trained Spotter,Heavy Rain, , ,2,NW,2,NW,BRENTWOOD,40.39,-79.99,40.3902,-79.9943,76
230613,ALLEGHENY CO.,WHITAKER,06/05/2010,1730,Flash Flood, , ,0,0,100000,0,PA,EST-5, ,39674,C,3,PBZ,0,0,Emergency Manager,Heavy Rain, , ,1,W,0,W,WHITAKER,40.4,-79.89,40.3998,-79.8867,77
230664,ALLEGHENY CO.,BAKERSTOWN,06/23/2010,1720,Thunderstorm Wind,50.00, ,0,0,50000,0,PA,EST-5,EG,39686,C,3,PBZ,0,0,Trained Spotter, , , ,1,W,1,W,BAKERSTOWN,40.65,-79.93,40.65,-79.93,78
248816,ALLEGHENY CO.,CARNEGIE,07/09/2010,1330,Flash Flood, , ,0,0,5000,0,PA,EST-5, ,42662,C,3,PBZ,0,0,NWS Employee,Heavy Rain, , ,0,WSW,0,SSW,CARNEGIE,40.4178,-80.0866,40.4154,-80.0829,79
248876,ALLEGHENY CO.,MT LEBANON,07/13/2010,2130,Flash Flood, , ,0,0,50000,0,PA,EST-5, ,42671,C,3,PBZ,0,0,Emergency Manager,Heavy Rain, , ,1,ESE,2,W,BRENTWOOD,40.37,-80.01,40.37,-79.9994,80
248895,ALLEGHENY CO.,CURTISVILLE,07/21/2010,1750,Thunderstorm Wind,50.00, ,0,0,10000,0,PA,EST-5,EG,42676,C,3,PBZ,0,0,Broadcast Media, , , ,1,NW,1,NW,CURTISVILLE,40.6358,-79.8379,40.6358,-79.8379,81
257826,ALLEGHENY CO.,HIGHCLIFF,08/14/2010,2045,Flash Flood, , ,0,0,10000,0,PA,EST-5, ,44395,C,3,PBZ,0,0,Public,Heavy Rain, , ,1,NE,1,NE,HIGHCLIFF,40.5299,-80.0182,40.5298,-80.0186,82
260186,ALLEGHENY CO.,MT LEBANON,09/22/2010,1505,Thunderstorm Wind,50.00, ,0,0,10000,0,PA,EST-5,EG,44896,C,3,PBZ,0,0,Trained Spotter, , , ,0,WSW,0,WSW,MT LEBANON,40.38,-80.03,40.38,-80.03,83
260229,ALLEGHENY CO.,BRIDGEVILLE,09/22/2010,1506,Thunderstorm Wind,50.00, ,0,0,10000,0,PA,EST-5,EG,44896,C,3,PBZ,0,0,Fire Department/Rescue, , , ,0,N,0,N,BRIDGEVILLE,40.37,-80.13,40.37,-80.13,84
260187,ALLEGHENY CO.,BETHEL PARK,09/22/2010,1515,Thunderstorm Wind,50.00, ,0,0,2000,0,PA,EST-5,EG,44896,C,3,PBZ,0,0,Public, , , ,0,W,0,W,BETHEL PARK,40.32,-80.03,40.32,-80.03,85
260202,ALLEGHENY CO.,BETHEL PARK,09/22/2010,1520,Thunderstorm Wind,59.00, ,0,0,0,0,PA,EST-5,EG,44896,C,3,PBZ,0,0,Public, , , ,0,W,0,W,BETHEL PARK,40.32,-80.03,40.32,-80.03,86
260191,ALLEGHENY CO.,COCHRANS MILL,09/22/2010,1530,Thunderstorm Wind,60.00, ,0,0,15000,0,PA,EST-5,EG,44896,C,3,PBZ,0,0,Trained Spotter, , , ,0,ESE,0,ESE,COCHRANS MILL,40.279,-79.9677,40.279,-79.9677,87
260630,ALLEGHENY CO.,SEWICKLEY,10/26/2010,1605,Thunderstorm Wind,50.00, ,0,0,25000,0,PA,EST-5,EG,44958,C,3,PBZ,0,0,Amateur Radio, , , ,1,S,1,S,SEWICKLEY,40.54,-80.18,40.54,-80.18,88
260633,ALLEGHENY CO.,MAGILL HGTS,10/26/2010,1625,Thunderstorm Wind,50.00, ,0,0,5000,0,PA,EST-5,EG,44958,C,3,PBZ,0,0,Amateur Radio, , , ,0,WNW,0,WNW,MAGILL HGTS,40.6203,-79.8509,40.6203,-79.8509,89
260636,ALLEGHENY CO.,ASPINWALL,10/26/2010,1630,Thunderstorm Wind,50.00, ,0,0,10000,0,PA,EST-5,EG,44958,C,3,PBZ,0,0,Emergency Manager, , , ,3,WSW,3,WSW,ASPINWALL,40.4589,-79.9222,40.4589,-79.9222,90
260637,ALLEGHENY CO.,CHERRY CITY,10/26/2010,1630,Thunderstorm Wind,50.00, ,0,0,35000,0,PA,EST-5,EG,44958,C,3,PBZ,0,0,Emergency Manager, , , ,2,S,2,S,CHERRY CITY,40.4541,-79.9644,40.4541,-79.9644,91
284394,ALLEGHENY (ZONE), ,02/21/2011,1500,Heavy Snow, , ,0,0,0,0,PA,EST-5, ,48607,Z,21,PBZ,0,0,Official NWS Observations, , , , , , , , , , , , ,92
284510,ALLEGHENY CO.,HIGHCLIFF,02/28/2011,804,Flash Flood, , ,0,0,25000,0,PA,EST-5, ,48627,C,3,PBZ,0,0,Broadcast Media,Heavy Rain, , ,1,NE,1,WSW,EMSWORTH,40.53,-80.02,40.5148,-80.0917,93
284524,ALLEGHENY CO.,TARENTUM,02/28/2011,857,Flood, , ,0,0,100000,0,PA,EST-5, ,48627,C,3,PBZ,0,0,Public,Heavy Rain / Snow Melt, , ,1,E,1,E,TARENTUM,40.6,-79.76,40.5997,-79.7576,94
284542,ALLEGHENY CO.,CHERRY CITY,02/28/2011,1030,Flood, , ,0,0,25000,0,PA,EST-5, ,48627,C,3,PBZ,0,0,Broadcast Media,Heavy Rain / Snow Melt, , ,0,SW,1,S,MILLVALE,40.4752,-79.9748,40.4656,-79.98,95
289282,ALLEGHENY CO.,CURTISVILLE,03/10/2011,2050,Flood, , ,0,0,12000,0,PA,EST-5, ,49370,C,3,PBZ,0,0,Emergency Manager,Heavy Rain, , ,0,WNW,1,SE,BAUERSTOWN,40.6312,-79.8323,40.4912,-79.9907,96
292812,ALLEGHENY CO.,OPTION,03/23/2011,1455,Hail,1.00, ,0,0,0,0,PA,EST-5, ,49847,C,3,PBZ,0,0,Public, , , ,1,N,1,N,OPTION,40.44,-79.98,40.44,-79.98,97
292813,ALLEGHENY CO.,HIGHCLIFF,03/23/2011,1455,Hail,1.00, ,0,0,0,0,PA,EST-5, ,49847,C,3,PBZ,0,0,Trained Spotter, , , ,1,NE,1,NE,HIGHCLIFF,40.53,-80.02,40.53,-80.02,98
292814,ALLEGHENY CO.,GAYLY,03/23/2011,1500,Hail,1.00, ,0,0,0,0,PA,EST-5, ,49847,C,3,PBZ,0,0,Trained Spotter, , , ,1,N,1,N,GAYLY,40.46,-80.13,40.46,-80.13,99
292816,ALLEGHENY CO.,IMPERIAL,03/23/2011,1506,Hail,1.00, ,0,0,0,0,PA,EST-5, ,49847,C,3,PBZ,0,0,Trained Spotter, , , ,1,E,1,E,IMPERIAL,40.45,-80.24,40.45,-80.24,100
292818,ALLEGHENY CO.,BOWER HILL,03/23/2011,1510,Hail,1.00, ,0,0,0,0,PA,EST-5, ,49847,C,3,PBZ,0,0,Trained Spotter, , , ,1,SW,1,SW,BOWER HILL,40.36,-80.11,40.36,-80.11,101
292819,ALLEGHENY CO.,OPTION,03/23/2011,1516,Hail,0.88, ,0,0,0,0,PA,EST-5, ,49847,C,3,PBZ,0,0,Trained Spotter, , , ,1,N,1,N,OPTION,40.44,-79.98,40.44,-79.98,102
292821,ALLEGHENY CO.,WEXFORD,03/23/2011,1520,Hail,1.00, ,0,0,0,0,PA,EST-5, ,49847,C,3,PBZ,0,0,Public, , , ,0,N,0,N,WEXFORD,40.63,-80.05,40.63,-80.05,103
292822,ALLEGHENY CO.,RIVERTON,03/23/2011,1530,Hail,1.00, ,0,0,0,0,PA,EST-5, ,49847,C,3,PBZ,0,0,Trained Spotter, , , ,1,SE,1,SE,RIVERTON,40.34,-79.84,40.34,-79.84,104
292824,ALLEGHENY CO.,CHURCHILL,03/23/2011,1535,Hail,1.25, ,0,0,0,0,PA,EST-5, ,49847,C,3,PBZ,0,0,Trained Spotter, , , ,1,SE,1,SE,CHURCHILL,40.42,-79.79,40.42,-79.79,105
292826,ALLEGHENY CO.,RIVERTON,03/23/2011,1538,Hail,2.00, ,0,0,0,0,PA,EST-5, ,49847,C,3,PBZ,0,0,Trained Spotter, , , ,1,SE,1,SE,RIVERTON,40.34,-79.84,40.34,-79.84,106
292839,ALLEGHENY CO.,CARNOT,03/23/2011,1600,Hail,1.50, ,0,0,0,0,PA,EST-5, ,49847,C,3,PBZ,0,0,Official NWS Observations, , , ,1,N,1,N,CARNOT,40.53,-80.22,40.53,-80.22,107
292843,ALLEGHENY CO.,WEXFORD,03/23/2011,1605,Hail,1.25, ,0,0,0,0,PA,EST-5, ,49847,C,3,PBZ,0,0,Public, , , ,0,N,0,N,WEXFORD,40.63,-80.05,40.63,-80.05,108
292845,ALLEGHENY CO.,EAST CARNEGIE,03/23/2011,1612,Hail,1.75, ,0,0,0,0,PA,EST-5, ,49847,C,3,PBZ,0,0,Trained Spotter, , , ,1,ESE,1,ESE,EAST CARNEGIE,40.41,-80.05,40.41,-80.05,109
292847,ALLEGHENY CO.,EAST CARNEGIE,03/23/2011,1615,Hail,1.75, ,0,0,0,0,PA,EST-5, ,49847,C,3,PBZ,0,0,Trained Spotter, , , ,1,ESE,1,ESE,EAST CARNEGIE,40.41,-80.05,40.41,-80.05,110
292848,ALLEGHENY CO.,HIGHCLIFF,03/23/2011,1615,Hail,1.00, ,0,0,0,0,PA,EST-5, ,49847,C,3,PBZ,0,0,Trained Spotter, , , ,1,NE,1,NE,HIGHCLIFF,40.53,-80.02,40.53,-80.02,111
292849,ALLEGHENY CO.,OPTION,03/23/2011,1616,Hail,1.75, ,0,0,0,0,PA,EST-5, ,49847,C,3,PBZ,0,0,Trained Spotter, , , ,1,N,1,N,OPTION,40.44,-79.98,40.44,-79.98,112
292851,ALLEGHENY CO.,BELLEVUE,03/23/2011,1617,Hail,1.25, ,0,0,0,0,PA,EST-5, ,49847,C,3,PBZ,0,0,Trained Spotter, , , ,1,ENE,1,ENE,BELLEVUE,40.4752,-80.0041,40.4752,-80.0041,113
292852,ALLEGHENY CO.,OPTION,03/23/2011,1618,Hail,1.00, ,0,0,0,0,PA,EST-5, ,49847,C,3,PBZ,0,0,Trained Spotter, , , ,1,N,1,N,OPTION,40.44,-79.98,40.44,-79.98,114
292853,ALLEGHENY CO.,WEST MIFFLIN,03/23/2011,1620,Hail,1.00, ,0,0,0,0,PA,EST-5, ,49847,C,3,PBZ,0,0,Trained Spotter, , , ,0,N,0,N,WEST MIFFLIN,40.37,-79.92,40.37,-79.92,115
292854,ALLEGHENY CO.,OPTION,03/23/2011,1621,Hail,1.75, ,0,0,0,0,PA,EST-5, ,49847,C,3,PBZ,0,0,Trained Spotter, , , ,1,NE,1,NE,OPTION,40.4399,-79.9612,40.4399,-79.9612,116
316334,ALLEGHENY CO.,NATRONA,05/12/2011,1940,Flood, , ,0,0,15000,0,PA,EST-5, ,52889,C,3,PBZ,0,0,Emergency Manager,Heavy Rain, , ,0,SE,0,E,NATRONA,40.6184,-79.7285,40.62,-79.7267,117
316744,ALLEGHENY CO.,MILLVALE,05/13/2011,1510,Flood, , ,0,0,20000,0,PA,EST-5, ,52965,C,3,PBZ,0,0,State Official,Heavy Rain, , ,2,S,1,SSE,MONTOUR JCT,40.4558,-79.9786,40.5066,-80.1435,118
316752,ALLEGHENY CO.,FAIROAKS,05/13/2011,1626,Flood, , ,0,0,5000,0,PA,EST-5, ,52965,C,3,PBZ,0,0,State Official,Heavy Rain, , ,1,NE,1,N,BELL ACRES,40.5904,-80.2,40.6011,-80.172,119
317651,ALLEGHENY CO.,NEW TEXAS,05/26/2011,1607,Thunderstorm Wind,50.00, ,0,0,2000,0,PA,EST-5,EG,53101,C,3,PBZ,0,0,Emergency Manager, , , ,0,N,0,N,NEW TEXAS,40.5,-79.75,40.5,-79.75,120
317652,ALLEGHENY CO.,PITCAIRN,05/26/2011,1610,Thunderstorm Wind,50.00, ,0,0,1000,0,PA,EST-5,EG,53101,C,3,PBZ,0,0,Emergency Manager, , , ,0,N,0,N,PITCAIRN,40.4,-79.78,40.4,-79.78,121
321213,ALLEGHENY CO.,BRIDGEVILLE,06/19/2011,2335,Flood, , ,0,0,25000,0,PA,EST-5, ,53616,C,3,PBZ,0,0,Trained Spotter,Heavy Rain, , ,0,NNW,0,NW,BRIDGEVILLE,40.3738,-80.1311,40.3725,-80.1328,122
321214,ALLEGHENY CO.,BRIDGEVILLE,06/20/2011,0,Flood, , ,0,0,35000,0,PA,EST-5, ,53616,C,3,PBZ,0,0,State Official,Heavy Rain, , ,1,S,1,NNE,SYGAN,40.36,-80.13,40.3567,-80.1248,123
321207,ALLEGHENY CO.,GLENDALE,06/20/2011,30,Flash Flood, , ,0,0,10000,0,PA,EST-5, ,53616,C,3,PBZ,0,0,State Official,Heavy Rain, , ,1,ENE,1,E,GLENDALE,40.4036,-80.0876,40.3988,-80.0855,124
333392,ALLEGHENY CO.,EDGEWOOD,07/04/2011,1805,Flood, , ,0,0,5000,0,PA,EST-5, ,55568,C,3,PBZ,0,0,State Official,Heavy Rain, , ,0,SW,0,SW,EDGEWOOD,40.4261,-79.8842,40.4274,-79.8833,125
333398,ALLEGHENY (ZONE), ,07/04/2011,1823,Debris Flow, , ,0,0,5000,0,PA,EST-5, ,55568,Z,21,PBZ,0,0,State Official, , , , , , , , , , , , ,126
333357,ALLEGHENY CO.,ASPINWALL,07/04/2011,1827,Thunderstorm Wind,50.00, ,0,0,10000,0,PA,EST-5,EG,55568,C,3,PBZ,0,0,State Official, , , ,1,W,1,W,ASPINWALL,40.4784,-79.9079,40.4784,-79.9079,127
333399,ALLEGHENY (ZONE), ,07/04/2011,1827,Debris Flow, , ,0,0,10000,0,PA,EST-5, ,55568,Z,21,PBZ,0,0,State Official, , , , , , , , , , , , ,128
333401,ALLEGHENY CO.,EDGEWOOD,07/04/2011,1827,Flash Flood, , ,0,0,10000,0,PA,EST-5, ,55568,C,3,PBZ,0,0,State Official,Heavy Rain, , ,2,W,2,W,EDGEWOOD,40.4285,-79.9149,40.4275,-79.9156,129
334540,ALLEGHENY CO.,OPTION,07/11/2011,1548,Thunderstorm Wind,50.00, ,0,0,10000,0,PA,EST-5,EG,55822,C,3,PBZ,0,0,Law Enforcement, , , ,1,N,1,N,OPTION,40.44,-79.98,40.44,-79.98,130
334622,ALLEGHENY CO.,ASPINWALL,07/18/2011,1632,Flash Flood, , ,0,0,50000,0,PA,EST-5, ,55829,C,3,PBZ,0,0,Newspaper,Heavy Rain, , ,2,WSW,1,SSW,SHARPSBURG,40.4696,-79.9123,40.4848,-79.9104,131
334625,ALLEGHENY CO.,JEFFERSON,07/18/2011,1700,Flood, , ,0,0,20000,0,PA,EST-5, ,55829,C,3,PBZ,0,0,Newspaper,Heavy Rain, , ,1,NE,1,NNE,PLEASANT HILLS,40.3129,-79.9379,40.337,-79.9441,132
334600,ALLEGHENY CO.,WHITEHALL,07/18/2011,1745,Thunderstorm Wind,52.00, ,0,0,30000,0,PA,EST-5,EG,55829,C,3,PBZ,0,0,Utility Company, , , ,1,SW,1,SW,WHITEHALL,40.34,-79.98,40.34,-79.98,133
335273,ALLEGHENY CO.,BRACKENRIDGE,07/22/2011,1630,Thunderstorm Wind,50.00, ,0,0,15000,0,PA,EST-5,EG,55913,C,3,PBZ,0,0,State Official, , , ,1,W,1,W,BRACKENRIDGE,40.62,-79.76,40.62,-79.76,134
335289,ALLEGHENY CO.,MONTROSE HILL,07/22/2011,1735,Thunderstorm Wind,50.00, ,0,0,5000,0,PA,EST-5,EG,55913,C,3,PBZ,0,0,Trained Spotter, , , ,1,SE,1,SE,MONTROSE HILL,40.51,-79.84,40.51,-79.84,135
336552,ALLEGHENY CO.,PENN HILLS,07/28/2011,1730,Thunderstorm Wind,50.00, ,0,0,10000,0,PA,EST-5,EG,56106,C,3,PBZ,0,0,Trained Spotter, , , ,0,N,0,N,PENN HILLS,40.5,-79.82,40.5,-79.82,136
334862,ALLEGHENY CO.,ELIZABETH,08/19/2011,945,Thunderstorm Wind,50.00, ,0,0,10000,0,PA,EST-5,EG,55856,C,3,PBZ,0,0,Public, , , ,1,W,1,W,ELIZABETH,40.27,-79.89,40.27,-79.89,137
334865,ALLEGHENY CO.,LEETSDALE,08/19/2011,1501,Thunderstorm Wind,50.00, ,0,0,35000,0,PA,EST-5,EG,55856,C,3,PBZ,0,0,Emergency Manager, , , ,1,SW,1,SW,LEETSDALE,40.56,-80.21,40.56,-80.21,138
334877,ALLEGHENY CO.,CHERRY CITY,08/19/2011,1511,Hail,0.88, ,0,0,0,0,PA,EST-5, ,55856,C,3,PBZ,0,0,Public, , , ,3,SE,3,SE,CHERRY CITY,40.45,-79.93,40.45,-79.93,139
334799,ALLEGHENY CO.,SHARPSBURG,08/19/2011,1536,Flash Flood, , ,4,1,500000,0,PA,EST-5, ,55856,C,3,PBZ,0,0,NWS Storm Survey,Heavy Rain, , ,1,SSW,1,SSW,SHARPSBURG,40.4834,-79.909,40.4836,-79.9067,140
334800,ALLEGHENY CO.,OPTION,08/19/2011,1545,Flash Flood, , ,0,0,50000,0,PA,EST-5, ,55856,C,3,PBZ,0,0,Emergency Manager,Heavy Rain, , ,1,N,1,N,OPTION,40.4507,-79.9795,40.4502,-79.9791,141
334873,ALLEGHENY CO.,ELIZABETH,08/19/2011,1559,Thunderstorm Wind,50.00, ,0,0,25000,0,PA,EST-5,EG,55856,C,3,PBZ,0,0,Public, , , ,1,W,1,W,ELIZABETH,40.27,-79.89,40.27,-79.89,142
356639,ALLEGHENY (ZONE), ,01/01/2012,1500,Strong Wind,46.00, ,0,0,25000,0,PA,EST-5,MG,59689,Z,21,PBZ,0,0,ASOS, , , , , , , , , , , , ,143
356472,ALLEGHENY (ZONE), ,01/20/2012,2000,Winter Storm, , ,0,0,0,0,PA,EST-5, ,59656,Z,21,PBZ,0,0,Trained Spotter, , , , , , , , , , , , ,144
362515,ALLEGHENY (ZONE), ,02/24/2012,1500,High Wind,50.00, ,0,0,20000,0,PA,EST-5,EG,60465,Z,21,PBZ,0,0,Emergency Manager, , , , , , , , , , , , ,145
365594,ALLEGHENY CO.,IMPERIAL,03/28/2012,859,Hail,1.00, ,0,0,0,0,PA,EST-5, ,61148,C,3,PBZ,0,0,Trained Spotter, , , ,1,E, , , ,40.45,-80.24, , ,146
365595,ALLEGHENY CO.,VIRSOIX,03/28/2012,859,Hail,1.00, ,0,0,0,0,PA,EST-5, ,61148,C,3,PBZ,0,0,Public, , , ,1,E, , , ,40.47,-80.28, , ,147
365597,ALLEGHENY CO.,SHARPSBURG,03/28/2012,906,Hail,0.88, ,0,0,0,0,PA,EST-5, ,61148,C,3,PBZ,0,0,Public, , , ,1,W, , , ,40.5,-79.91, , ,148
365598,ALLEGHENY CO.,CLIFTON,03/28/2012,912,Hail,0.88, ,0,0,0,0,PA,EST-5, ,61148,C,3,PBZ,0,0,Public, , , ,1,E, , , ,40.33,-80.08, , ,149
365599,ALLEGHENY CO.,SYGAN,03/28/2012,915,Hail,0.88, ,0,0,0,0,PA,EST-5, ,61148,C,3,PBZ,0,0,Public, , , ,1,S, , , ,40.34,-80.13, , ,150
365600,ALLEGHENY CO.,LIBERTY,03/28/2012,921,Hail,0.88, ,0,0,0,0,PA,EST-5, ,61148,C,3,PBZ,0,0,Public, , , ,1,W, , , ,40.33,-79.89, , ,151
365602,ALLEGHENY CO.,GLASSPORT,03/28/2012,928,Hail,1.00, ,0,0,0,0,PA,EST-5, ,61148,C,3,PBZ,0,0,Broadcast Media, , , ,1,W, , , ,40.32,-79.89, , ,152
377760,ALLEGHENY CO.,WILMERDING,05/27/2012,1603,Hail,1.25, ,0,0,0,0,PA,EST-5, ,63075,C,3,PBZ,0,0,Public, , , ,0,N,0,N,WILMERDING,40.38,-79.82,40.38,-79.82,153
377759,ALLEGHENY CO.,WILMERDING,05/27/2012,1603,Hail,1.25, ,0,0,0,0,PA,EST-5, ,63075,C,3,PBZ,0,0,Public, , , ,1,E,1,E,WILMERDING,40.38,-79.81,40.38,-79.81,154
377761,ALLEGHENY CO.,LINCOLN,05/27/2012,1627,Hail,1.25, ,0,0,0,0,PA,EST-5, ,63075,C,3,PBZ,0,0,Trained Spotter, , , ,1,E,1,E,LINCOLN,40.32,-79.86,40.32,-79.86,155
378098,ALLEGHENY CO.,HIGHCLIFF,05/29/2012,1221,Thunderstorm Wind,50.00, ,0,0,15000,0,PA,EST-5,EG,63153,C,3,PBZ,0,0,Trained Spotter, , , ,0,SE,0,SE,HIGHCLIFF,40.5156,-80.0233,40.5156,-80.0233,156
378100,ALLEGHENY CO.,HARDY,05/29/2012,1224,Thunderstorm Wind,50.00, ,0,0,35000,0,PA,EST-5,EG,63153,C,3,PBZ,0,0,Emergency Manager, , , ,1,N,1,N,HARDY,40.63,-79.97,40.63,-79.97,157
378103,ALLEGHENY CO.,TARENTUM,05/29/2012,1245,Thunderstorm Wind,50.00, ,0,0,35000,0,PA,EST-5,EG,63153,C,3,PBZ,0,0,Public, , , ,1,SW,1,SW,TARENTUM,40.59,-79.78,40.59,-79.78,158
390791,ALLEGHENY CO.,MONTOUR JCT,06/01/2012,1510,Thunderstorm Wind,50.00, ,0,0,0,0,PA,EST-5,EG,63336,C,3,PBZ,0,0,NWS Storm Survey, , , ,0,WSW, , , ,40.52,-80.15, , ,159
392391,ALLEGHENY CO.,WHITEHALL,06/29/2012,1850,Thunderstorm Wind,60.00, ,0,0,5000,0,PA,EST-5,EG,65337,C,3,PBZ,0,0,State Official, , , ,1,SW, , , ,40.34,-79.98, , ,160
392393,ALLEGHENY CO.,BOGGS,06/29/2012,1851,Thunderstorm Wind,60.00, ,0,0,2500,0,PA,EST-5,EG,65337,C,3,PBZ,0,0,Trained Spotter, , , ,1,E, , , ,40.43,-80.27, , ,161
392394,ALLEGHENY CO.,WHITEHALL,06/29/2012,1900,Thunderstorm Wind,60.00, ,0,0,5000,0,PA,EST-5,EG,65337,C,3,PBZ,0,0,Emergency Manager, , , ,1,SW, , , ,40.34,-79.98, , ,162
393442,ALLEGHENY CO.,ROSEDALE,07/04/2012,1632,Hail,0.88, ,0,0,0,0,PA,EST-5, ,65700,C,3,PBZ,0,0,Trained Spotter, , , ,1,W, , , ,40.48,-79.83, , ,163
393443,ALLEGHENY CO.,RIVERTON,07/04/2012,1634,Hail,0.88, ,0,0,0,0,PA,EST-5, ,65700,C,3,PBZ,0,0,Trained Spotter, , , ,1,SE, , , ,40.34,-79.84, , ,164
393444,ALLEGHENY CO.,ROSEDALE,07/04/2012,1636,Hail,0.75, ,0,0,0,0,PA,EST-5, ,65700,C,3,PBZ,0,0,Trained Spotter, , , ,1,W, , , ,40.48,-79.83, , ,165
393445,ALLEGHENY CO.,WILMERDING,07/04/2012,1640,Hail,1.00, ,0,0,0,0,PA,EST-5, ,65700,C,3,PBZ,0,0,Amateur Radio, , , ,1,E, , , ,40.38,-79.81, , ,166
393447,ALLEGHENY CO.,MONROEVILLE ARPT,07/04/2012,1655,Hail,0.88, ,0,0,0,0,PA,EST-5, ,65700,C,3,PBZ,0,0,Public, , , ,1,SSE, , , ,40.43,-79.76, , ,167
393449,ALLEGHENY CO.,EAST PITTSBURGH,07/04/2012,1705,Hail,1.00, ,0,0,0,0,PA,EST-5, ,65700,C,3,PBZ,0,0,Public, , , ,1,N, , , ,40.41,-79.83, , ,168
393450,ALLEGHENY CO.,EAST MC KEESPORT,07/04/2012,1712,Hail,1.25, ,0,0,0,0,PA,EST-5, ,65700,C,3,PBZ,0,0,Public, , , ,1,N, , , ,40.39,-79.8, , ,169
393451,ALLEGHENY CO.,WILMERDING,07/04/2012,1713,Hail,1.75, ,0,0,0,0,PA,EST-5, ,65700,C,3,PBZ,0,0,Public, , , ,0,N, , , ,40.38,-79.82, , ,170
393452,ALLEGHENY CO.,WILMERDING,07/04/2012,1715,Hail,1.25, ,0,0,0,0,PA,EST-5, ,65700,C,3,PBZ,0,0,Amateur Radio, , , ,1,E, , , ,40.38,-79.81, , ,171
393454,ALLEGHENY CO.,WILMERDING,07/04/2012,1717,Hail,1.00, ,0,0,0,0,PA,EST-5, ,65700,C,3,PBZ,0,0,Trained Spotter, , , ,1,E, , , ,40.38,-79.81, , ,172
393455,ALLEGHENY CO.,BOSTON,07/04/2012,1719,Hail,1.75, ,0,0,0,0,PA,EST-5, ,65700,C,3,PBZ,0,0,Public, , , ,1,N, , , ,40.33,-79.8, , ,173
393456,ALLEGHENY CO.,COULTER,07/04/2012,1720,Hail,0.75, ,0,0,0,0,PA,EST-5, ,65700,C,3,PBZ,0,0,Public, , , ,1,W, , , ,40.3,-79.81, , ,174
393457,ALLEGHENY CO.,WILMERDING,07/04/2012,1720,Hail,1.00, ,0,0,0,0,PA,EST-5, ,65700,C,3,PBZ,0,0,Public, , , ,1,E, , , ,40.38,-79.81, , ,175
393459,ALLEGHENY CO.,EAST MC KEESPORT,07/04/2012,1721,Hail,1.25, ,0,0,0,0,PA,EST-5, ,65700,C,3,PBZ,0,0,Public, , , ,1,N, , , ,40.39,-79.8, , ,176
393460,ALLEGHENY CO.,PORT VUE,07/04/2012,1723,Hail,1.75, ,0,0,0,0,PA,EST-5, ,65700,C,3,PBZ,0,0,Amateur Radio, , , ,1,E, , , ,40.35,-79.86, , ,177
393463,ALLEGHENY CO.,BOSTON,07/04/2012,1724,Hail,1.75, ,0,0,0,0,PA,EST-5, ,65700,C,3,PBZ,0,0,Public, , , ,1,N, , , ,40.33,-79.8, , ,178
393461,ALLEGHENY CO.,MC KEES ROCKS,07/04/2012,1725,Hail,1.00, ,0,0,0,0,PA,EST-5, ,65700,C,3,PBZ,0,0,Trained Spotter, , , ,1,E, , , ,40.47,-80.07, , ,179
393465,ALLEGHENY CO.,WILMERDING,07/04/2012,1729,Hail,1.75, ,0,0,0,0,PA,EST-5, ,65700,C,3,PBZ,0,0,Public, , , ,0,N, , , ,40.38,-79.82, , ,180
393469,ALLEGHENY CO.,WILMERDING,07/04/2012,1736,Hail,2.00, ,0,0,0,0,PA,EST-5, ,65700,C,3,PBZ,0,0,Public, , , ,1,E, , , ,40.38,-79.81, , ,181
393494,ALLEGHENY CO.,BAIRDFORD,07/04/2012,2240,Hail,1.75, ,0,0,0,0,PA,EST-5, ,65700,C,3,PBZ,0,0,Public, , , ,1,W, , , ,40.63,-79.89, , ,182
400595,ALLEGHENY CO.,(AGC)ALLEGHENY CO AR,07/07/2012,1630,Thunderstorm Wind,53.00, ,0,0,0,0,PA,EST-5,MG,66775,C,3,PBZ,0,0,ASOS, , , ,1,NW, , , ,40.36,-79.94, , ,183
400609,ALLEGHENY CO.,WILDWOOD,07/18/2012,1310,Thunderstorm Wind,50.00, ,0,0,15000,0,PA,EST-5,EG,66779,C,3,PBZ,0,0,Broadcast Media, , , ,2,W, , , ,40.6,-80, , ,184
400610,ALLEGHENY CO.,WHITEHALL,07/18/2012,1320,Thunderstorm Wind,50.00, ,0,0,25000,0,PA,EST-5,EG,66779,C,3,PBZ,0,0,Public, , , ,1,SSW, , , ,40.34,-79.98, , ,185
400611,ALLEGHENY CO.,RIVERTON,07/18/2012,1335,Thunderstorm Wind,50.00, ,0,0,35000,0,PA,EST-5,EG,66779,C,3,PBZ,0,0,Emergency Manager, , , ,1,SE, , , ,40.34,-79.84, , ,186
401956,ALLEGHENY CO.,BRENTWOOD,07/20/2012,1305,Flash Flood, , ,0,0,35000,0,PA,EST-5, ,66990,C,3,PBZ,0,0,Emergency Manager,Heavy Rain, , ,1,SW,1,SSW,BRENTWOOD,40.36,-79.98,40.36,-79.98,187
401962,ALLEGHENY CO.,PLEASANT HILLS,07/20/2012,1310,Flash Flood, , ,0,0,25000,0,PA,EST-5, ,66990,C,3,PBZ,0,0,Emergency Manager,Heavy Rain, , ,0,ESE,0,ESE,PLEASANT HILLS,40.33,-79.95,40.33,-79.94,188
402484,ALLEGHENY CO.,OAKDALE,07/20/2012,1320,Flash Flood, , ,0,0,25000,0,PA,EST-5, ,66990,C,3,PBZ,0,0,Law Enforcement,Heavy Rain, , ,1,NW,1,NW,OAKDALE,40.42,-80.2,40.41,-80.19,189
402486,ALLEGHENY CO.,CLIFF MINE,07/20/2012,1320,Flash Flood, , ,0,0,25000,0,PA,EST-5, ,66990,C,3,PBZ,0,0,Emergency Manager,Heavy Rain, , ,1,WNW,0,WNW,CLIFF MINE,40.45,-80.21,40.45,-80.21,190
401983,ALLEGHENY CO.,RIVERTON,07/20/2012,1324,Flash Flood, , ,0,0,10000,0,PA,EST-5, ,66990,C,3,PBZ,0,0,Public,Heavy Rain, , ,1,S,1,SE,RIVERTON,40.34,-79.85,40.34,-79.84,191
401985,ALLEGHENY CO.,BRENTWOOD,07/20/2012,1326,Flash Flood, , ,0,0,5000,0,PA,EST-5, ,66990,C,3,PBZ,0,0,Public,Heavy Rain, , ,1,WSW,0,SW,BRENTWOOD,40.36,-79.99,40.37,-79.98,192
401990,ALLEGHENY CO.,WILLOCK,07/20/2012,1331,Flash Flood, , ,0,0,15000,0,PA,EST-5, ,66990,C,3,PBZ,0,0,Emergency Manager,Heavy Rain, , ,1,NNW,1,N,WILLOCK,40.36,-79.95,40.36,-79.95,193
401993,ALLEGHENY CO.,PLEASANT HILLS,07/20/2012,1405,Flash Flood, , ,0,0,15000,0,PA,EST-5, ,66990,C,3,PBZ,0,0,Emergency Manager,Heavy Rain, , ,1,ESE,1,ESE,PLEASANT HILLS,40.32,-79.93,40.32,-79.93,194
401996,ALLEGHENY CO.,RIVERTON,07/20/2012,1406,Flash Flood, , ,0,0,25000,0,PA,EST-5, ,66990,C,3,PBZ,0,0,Emergency Manager,Heavy Rain, , ,1,ENE,1,NE,RIVERTON,40.36,-79.83,40.36,-79.83,195
401997,ALLEGHENY CO.,DORMONT,07/20/2012,1407,Flash Flood, , ,0,0,25000,0,PA,EST-5, ,66990,C,3,PBZ,0,0,Emergency Manager,Heavy Rain, , ,2,E,1,E,DORMONT,40.4,-79.99,40.4,-80,196
401999,ALLEGHENY CO.,DRAVOSBURG,07/20/2012,1408,Flash Flood, , ,0,0,15000,0,PA,EST-5, ,66990,C,3,PBZ,0,0,Emergency Manager,Heavy Rain, , ,1,E,1,E,DRAVOSBURG,40.35,-79.89,40.35,-79.89,197
402001,ALLEGHENY CO.,CLAIRTON,07/20/2012,1414,Flash Flood, , ,0,0,25000,0,PA,EST-5, ,66990,C,3,PBZ,0,0,Emergency Manager,Heavy Rain, , ,0,SSE,0,S,CLAIRTON,40.29,-79.9,40.29,-79.9,198
402004,ALLEGHENY CO.,NOBLESTOWN,07/20/2012,1419,Flash Flood, , ,0,0,15000,0,PA,EST-5, ,66990,C,3,PBZ,0,0,Emergency Manager,Heavy Rain, , ,1,SE,1,SE,NOBLESTOWN,40.37,-80.19,40.38,-80.19,199
402010,ALLEGHENY CO.,GAYLY,07/20/2012,1421,Flash Flood, , ,0,0,20000,0,PA,EST-5, ,66990,C,3,PBZ,0,0,Public,Heavy Rain, , ,2,S,1,SW,GAYLY,40.43,-80.13,40.44,-80.14,200
402012,ALLEGHENY CO.,IMPERIAL,07/20/2012,1511,Flash Flood, , ,0,0,35000,0,PA,EST-5, ,66990,C,3,PBZ,0,0,NWS Employee,Heavy Rain, , ,1,ENE,1,ENE,IMPERIAL,40.45,-80.24,40.45,-80.24,201
402016,ALLEGHENY CO.,(PIT)GTR PITTSBURGH,07/20/2012,1526,Flash Flood, , ,0,0,75000,0,PA,EST-5, ,66990,C,3,PBZ,0,0,NWS Employee,Heavy Rain, , ,1,E,1,ESE,(PIT)GTR PITTSBURGH,40.48,-80.22,40.47,-80.21,202
402039,ALLEGHENY CO.,IMPERIAL,07/24/2012,700,Hail,1.25, ,0,0,0,0,PA,EST-5, ,67005,C,3,PBZ,0,0,Trained Spotter, , , ,1,E, , , ,40.45,-80.24, , ,203
402041,ALLEGHENY CO.,OPTION,07/24/2012,712,Hail,1.25, ,0,0,0,0,PA,EST-5, ,67005,C,3,PBZ,0,0,Public, , , ,1,N, , , ,40.44,-79.98, , ,204
402042,ALLEGHENY CO.,VIRSOIX,07/24/2012,714,Hail,1.25, ,0,0,0,0,PA,EST-5, ,67005,C,3,PBZ,0,0,Public, , , ,1,E, , , ,40.47,-80.28, , ,205
402043,ALLEGHENY CO.,WILKINS TOWNSHIP,07/24/2012,727,Hail,1.25, ,0,0,0,0,PA,EST-5, ,67005,C,3,PBZ,0,0,Public, , , ,1,N, , , ,40.46,-79.82, , ,206
402112,ALLEGHENY CO.,MILLERSTOWN,07/26/2012,1500,Thunderstorm Wind,50.00, ,0,0,35000,0,PA,EST-5,EG,67014,C,3,PBZ,0,0,911 Call Center, , , ,0,N, , , ,40.65,-79.8, , ,207
402113,ALLEGHENY CO.,NATRONA,07/26/2012,1500,Thunderstorm Wind,50.00, ,0,0,15000,0,PA,EST-5,EG,67014,C,3,PBZ,0,0,Trained Spotter, , , ,0,N, , , ,40.62,-79.73, , ,208
402133,ALLEGHENY CO.,MOON,07/26/2012,1520,Thunderstorm Wind,50.00, ,0,0,50000,0,PA,EST-5,EG,67014,C,3,PBZ,0,0,Law Enforcement, , , ,1,NW, , , ,40.51,-80.24, , ,209
402123,ALLEGHENY CO.,ELIZABETH,07/26/2012,1745,Thunderstorm Wind,50.00, ,0,0,40000,0,PA,EST-5,EG,67014,C,3,PBZ,0,0,911 Call Center, , , ,1,W, , , ,40.27,-79.89, , ,210
402162,ALLEGHENY CO.,LOGANS FERRY,07/27/2012,2000,Flood, , ,0,0,15000,0,PA,EST-5, ,67032,C,3,PBZ,0,0,Trained Spotter,Heavy Rain, , ,1,NW,1,N,CHESWICK,40.54,-79.78,40.54,-79.8,211
402163,ALLEGHENY CO.,BAKERSTOWN STATION,07/27/2012,2000,Flood, , ,0,0,50000,0,PA,EST-5, ,67032,C,3,PBZ,0,0,911 Call Center,Heavy Rain, , ,1,SSE,0,NE,HARDY,40.64,-79.97,40.62,-79.97,212
402164,ALLEGHENY CO.,TALLEY GAVEY,07/28/2012,1609,Flood, , ,0,0,10000,0,PA,EST-5, ,67037,C,3,PBZ,0,0,911 Call Center,Heavy Rain, , ,0,WNW,1,NE,INGOMAR,40.58,-79.96,40.59,-80.05,213
402170,ALLEGHENY CO.,WILMERDING,07/30/2012,2035,Hail,0.75, ,0,0,0,0,PA,EST-5, ,67038,C,3,PBZ,0,0,Public, , , ,1,E, , , ,40.38,-79.81, , ,214
402171,ALLEGHENY CO.,WILMERDING,07/30/2012,2057,Hail,1.00, ,0,0,0,0,PA,EST-5, ,67038,C,3,PBZ,0,0,Public, , , ,1,E, , , ,40.38,-79.81, , ,215
402172,ALLEGHENY CO.,WILMERDING,07/30/2012,2100,Hail,0.75, ,0,0,0,0,PA,EST-5, ,67038,C,3,PBZ,0,0,Public, , , ,1,E, , , ,40.38,-79.81, , ,216
402173,ALLEGHENY CO.,CHURCHILL,07/30/2012,2100,Hail,1.25, ,0,0,0,0,PA,EST-5, ,67038,C,3,PBZ,0,0,Public, , , ,1,SE, , , ,40.42,-79.79, , ,217
402174,ALLEGHENY CO.,CHURCHILL,07/30/2012,2101,Hail,0.75, ,0,0,0,0,PA,EST-5, ,67038,C,3,PBZ,0,0,Public, , , ,1,SE, , , ,40.42,-79.79, , ,218
408059,ALLEGHENY CO.,CHURCHILL,08/08/2012,2037,Thunderstorm Wind,50.00, ,0,0,1000,0,PA,EST-5,EG,68041,C,3,PBZ,0,0,State Official, , , ,1,SE,1,SE,CHURCHILL,40.42,-79.79,40.42,-79.79,219
408056,ALLEGHENY CO.,WILKINS TOWNSHIP,08/08/2012,2052,Hail,0.75, ,0,0,0,0,PA,EST-5, ,68041,C,3,PBZ,0,0,Public, , , ,1,N,1,N,WILKINS TOWNSHIP,40.46,-79.82,40.46,-79.82,220
408084,ALLEGHENY CO.,FAYETTEVILLE,08/09/2012,2004,Thunderstorm Wind,50.00, ,0,0,250,0,PA,EST-5,EG,68045,C,3,PBZ,0,0,Trained Spotter, , , ,1,WSW,1,WSW,FAYETTEVILLE,40.42,-80.24,40.42,-80.24,221
406675,ALLEGHENY CO.,LONGVIEW,09/08/2012,928,Thunderstorm Wind,50.00, ,0,0,25000,0,PA,EST-5,EG,67783,C,3,PBZ,0,0,NWS Storm Survey, , , ,1,WNW,1,WNW,LONGVIEW,40.3552,-80.0309,40.3552,-80.0309,222
407967,ALLEGHENY CO.,LONGVIEW,09/08/2012,928,Thunderstorm Wind,57.00, ,0,0,5000,0,PA,EST-5,EG,67783,C,3,PBZ,0,0,NWS Storm Survey, , , ,1,WNW,1,WNW,LONGVIEW,40.3551,-80.0317,40.3551,-80.0317,223
406677,ALLEGHENY CO.,LONGVIEW,09/08/2012,929,Thunderstorm Wind,50.00, ,0,0,2000,0,PA,EST-5,EG,67783,C,3,PBZ,0,0,NWS Storm Survey, , , ,1,S,1,S,LONGVIEW,40.3407,-80.022,40.3407,-80.022,224
407968,ALLEGHENY CO.,LONGVIEW,09/08/2012,930,Thunderstorm Wind,50.00, ,0,0,5000,0,PA,EST-5,EG,67783,C,3,PBZ,0,0,NWS Storm Survey, , , ,0,ENE,0,ENE,LONGVIEW,40.3505,-80.0189,40.3505,-80.0189,225
406679,ALLEGHENY CO.,LONGVIEW,09/08/2012,930,Thunderstorm Wind,50.00, ,0,0,1000,0,PA,EST-5,EG,67783,C,3,PBZ,0,0,NWS Storm Survey, , , ,0,ESE,0,ESE,LONGVIEW,40.3492,-80.0173,40.3492,-80.0173,226
407965,ALLEGHENY CO.,RANKIN,09/08/2012,936,Thunderstorm Wind,66.00, ,0,0,25000,0,PA,EST-5,EG,67783,C,3,PBZ,0,0,NWS Storm Survey, , , ,0,E,0,E,RANKIN,40.4212,-79.8713,40.4212,-79.8713,227
407966,ALLEGHENY CO.,RENTON,09/08/2012,945,Thunderstorm Wind,61.00, ,0,0,5000,0,PA,EST-5,EG,67783,C,3,PBZ,0,0,NWS Storm Survey, , , ,2,ENE,2,ENE,RENTON,40.5077,-79.6839,40.5077,-79.6839,228
404075,ALLEGHENY CO.,IMPERIAL,09/22/2012,1816,Thunderstorm Wind,50.00, ,0,0,2000,0,PA,EST-5,EG,67381,C,3,PBZ,0,0,Trained Spotter, , , ,1,E,1,E,IMPERIAL,40.45,-80.24,40.45,-80.24,229
404080,ALLEGHENY CO.,CORAOPOLIS,09/22/2012,1817,Thunderstorm Wind,50.00, ,0,0,40000,0,PA,EST-5,EG,67381,C,3,PBZ,0,0,911 Call Center, , , ,0,N,0,N,CORAOPOLIS,40.52,-80.17,40.52,-80.17,230
404086,ALLEGHENY CO.,BOWER HILL,09/22/2012,1830,Thunderstorm Wind,50.00, ,0,0,60000,0,PA,EST-5,EG,67381,C,3,PBZ,0,0,911 Call Center, , , ,1,SSE,1,SSE,BOWER HILL,40.35,-80.09,40.35,-80.09,231
404120,ALLEGHENY CO.,WEXFORD,09/22/2012,1830,Thunderstorm Wind,50.00, ,0,0,20000,0,PA,EST-5,EG,67381,C,3,PBZ,0,0,911 Call Center, , , ,0,N,0,N,WEXFORD,40.63,-80.05,40.63,-80.05,232
404118,ALLEGHENY CO.,WARRENDALE,09/22/2012,1830,Thunderstorm Wind,50.00, ,0,0,35000,0,PA,EST-5,EG,67381,C,3,PBZ,0,0,911 Call Center, , , ,3,WSW,3,WSW,WARRENDALE,40.64,-80.13,40.64,-80.13,233
404117,ALLEGHENY CO.,ETNA,09/22/2012,1830,Thunderstorm Wind,50.00, ,0,0,35000,0,PA,EST-5,EG,67381,C,3,PBZ,0,0,911 Call Center, , , ,1,E,1,E,ETNA,40.5,-79.95,40.5,-79.95,234
404116,ALLEGHENY CO.,OAKDALE,09/22/2012,1830,Thunderstorm Wind,50.00, ,0,0,50000,0,PA,EST-5,EG,67381,C,3,PBZ,0,0,911 Call Center, , , ,1,W,1,W,OAKDALE,40.4,-80.19,40.4,-80.19,235
404111,ALLEGHENY CO.,OPTION,09/22/2012,1830,Thunderstorm Wind,50.00, ,0,0,15000,0,PA,EST-5,EG,67381,C,3,PBZ,0,0,911 Call Center, , , ,1,N,1,N,OPTION,40.44,-79.98,40.44,-79.98,236
404106,ALLEGHENY CO.,NATRONA,09/22/2012,1830,Thunderstorm Wind,50.00, ,0,0,35000,0,PA,EST-5,EG,67381,C,3,PBZ,0,0,Trained Spotter, , , ,0,N,0,N,NATRONA,40.62,-79.73,40.62,-79.73,237
404109,ALLEGHENY CO.,RANKIN,09/22/2012,1831,Thunderstorm Wind,50.00, ,0,0,40000,0,PA,EST-5,EG,67381,C,3,PBZ,0,0,911 Call Center, , , ,1,W,1,W,RANKIN,40.42,-79.89,40.42,-79.89,238
404089,ALLEGHENY CO.,NATRONA,09/22/2012,1850,Thunderstorm Wind,50.00, ,0,0,35000,0,PA,EST-5,EG,67381,C,3,PBZ,0,0,Trained Spotter, , , ,0,N,0,N,NATRONA,40.62,-79.73,40.62,-79.73,239
404104,ALLEGHENY CO.,OPTION,09/22/2012,1851,Thunderstorm Wind,50.00, ,0,0,10000,0,PA,EST-5,EG,67381,C,3,PBZ,0,0,911 Call Center, , , ,1,N,1,N,OPTION,40.44,-79.98,40.44,-79.98,240
404103,ALLEGHENY CO.,RANKIN,09/22/2012,1851,Thunderstorm Wind,50.00, ,0,0,40000,0,PA,EST-5,EG,67381,C,3,PBZ,0,0,911 Call Center, , , ,1,W,1,W,RANKIN,40.42,-79.89,40.42,-79.89,241
404102,ALLEGHENY CO.,OAKDALE,09/22/2012,1854,Thunderstorm Wind,50.00, ,0,0,45000,0,PA,EST-5,EG,67381,C,3,PBZ,0,0,911 Call Center, , , ,1,W,1,W,OAKDALE,40.4,-80.19,40.4,-80.19,242
404101,ALLEGHENY CO.,OPTION,09/22/2012,1855,Thunderstorm Wind,50.00, ,0,0,20000,0,PA,EST-5,EG,67381,C,3,PBZ,0,0,911 Call Center, , , ,1,N,1,N,OPTION,40.44,-79.98,40.44,-79.98,243
404099,ALLEGHENY CO.,BOWER HILL,09/22/2012,1856,Thunderstorm Wind,50.00, ,0,0,40000,0,PA,EST-5,EG,67381,C,3,PBZ,0,0,911 Call Center, , , ,1,SSE,1,SSE,BOWER HILL,40.35,-80.09,40.35,-80.09,244
404100,ALLEGHENY CO.,ETNA,09/22/2012,1856,Thunderstorm Wind,50.00, ,0,0,40000,0,PA,EST-5,EG,67381,C,3,PBZ,0,0,911 Call Center, , , ,1,E,1,E,ETNA,40.5,-79.95,40.5,-79.95,245
404098,ALLEGHENY CO.,WARRENDALE,09/22/2012,1857,Thunderstorm Wind,50.00, ,0,0,35000,0,PA,EST-5,EG,67381,C,3,PBZ,0,0,911 Call Center, , , ,3,WSW,3,WSW,WARRENDALE,40.64,-80.13,40.64,-80.13,246
404097,ALLEGHENY CO.,OPTION,09/22/2012,1859,Thunderstorm Wind,50.00, ,0,0,20000,0,PA,EST-5,EG,67381,C,3,PBZ,0,0,911 Call Center, , , ,1,N,1,N,OPTION,40.44,-79.98,40.44,-79.98,247
404094,ALLEGHENY CO.,OPTION,09/22/2012,1900,Thunderstorm Wind,50.00, ,0,0,10000,0,PA,EST-5,EG,67381,C,3,PBZ,0,0,911 Call Center, , , ,1,N,1,N,OPTION,40.44,-79.98,40.44,-79.98,248
404095,ALLEGHENY CO.,WEXFORD,09/22/2012,1900,Thunderstorm Wind,50.00, ,0,0,25000,0,PA,EST-5,EG,67381,C,3,PBZ,0,0,911 Call Center, , , ,0,N,0,N,WEXFORD,40.63,-80.05,40.63,-80.05,249
404091,ALLEGHENY CO.,ETNA,09/22/2012,1906,Thunderstorm Wind,50.00, ,0,0,35000,0,PA,EST-5,EG,67381,C,3,PBZ,0,0,911 Call Center, , , ,1,E,1,E,ETNA,40.5,-79.95,40.5,-79.95,250
404093,ALLEGHENY CO.,OPTION,09/22/2012,1906,Thunderstorm Wind,50.00, ,0,0,25000,0,PA,EST-5,EG,67381,C,3,PBZ,0,0,911 Call Center, , , ,1,N,1,N,OPTION,40.44,-79.98,40.44,-79.98,251
404090,ALLEGHENY CO.,NATRONA,09/22/2012,1908,Thunderstorm Wind,50.00, ,0,0,45000,0,PA,EST-5,EG,67381,C,3,PBZ,0,0,911 Call Center, , , ,0,N,0,N,NATRONA,40.62,-79.73,40.62,-79.73,252
406689,ALLEGHENY CO.,DUQUESNE,09/27/2012,1544,Tornado, ,EF0,0,0,50000,0,PA,EST-5, ,67787,C,3,PBZ,0,0,NWS Storm Survey, ,0.3,75,0,ESE,0,E,DUQUESNE,40.367,-79.864,40.371,-79.862,253
406692,ALLEGHENY CO.,DUQUESNE,09/27/2012,1544,Thunderstorm Wind,50.00, ,0,0,10000,0,PA,EST-5,EG,67787,C,3,PBZ,0,0,911 Call Center, , , ,1,S,1,S,DUQUESNE,40.36,-79.87,40.36,-79.87,254
406690,ALLEGHENY CO.,OPTION,09/27/2012,1620,Thunderstorm Wind,50.00, ,0,0,15000,0,PA,EST-5,EG,67787,C,3,PBZ,0,0,911 Call Center, , , ,1,NW,1,NW,OPTION,40.4402,-79.9956,40.4402,-79.9956,255
406693,ALLEGHENY (ZONE), ,09/27/2012,1620,High Wind,50.00, ,0,0,35000,0,PA,EST-5,EG,67787,Z,21,PBZ,0,0,Trained Spotter, , , , , , , , , , , , ,256
406684,ALLEGHENY CO.,CLAIRTON,09/27/2012,1630,Flash Flood, , ,0,0,50000,0,PA,EST-5, ,67787,C,3,PBZ,0,0,911 Call Center,Heavy Rain, , ,0,NNW,1,NNW,EAST MC KEESPORT,40.3048,-79.9026,40.3916,-79.8061,257
406691,ALLEGHENY CO.,MILLVALE,09/27/2012,1640,Thunderstorm Wind,50.00, ,0,0,25000,0,PA,EST-5,EG,67787,C,3,PBZ,0,0,911 Call Center, , , ,0,N,0,N,MILLVALE,40.48,-79.98,40.48,-79.98,258
406685,ALLEGHENY CO.,ASPINWALL,09/27/2012,1655,Flash Flood, , ,0,0,10000,0,PA,EST-5, ,67787,C,3,PBZ,0,0,911 Call Center,Heavy Rain, , ,0,E,0,E,ASPINWALL,40.4801,-79.8775,40.4808,-79.8746,259
406687,ALLEGHENY CO.,BLAWNOX,09/27/2012,1715,Flash Flood, , ,0,0,25000,0,PA,EST-5, ,67787,C,3,PBZ,0,0,911 Call Center,Heavy Rain, , ,1,SW,1,SW,BLAWNOX,40.4917,-79.8648,40.4915,-79.8653,260
417773,ALLEGHENY (ZONE), ,10/29/2012,1830,Strong Wind,35.00, ,0,0,10000,0,PA,EST-5,MG,69275,Z,21,PBZ,0,0,911 Call Center, , , , , , , , , , , , ,261
417778,ALLEGHENY (ZONE), ,10/29/2012,2350,Strong Wind,40.00, ,0,0,10000,0,PA,EST-5,MG,69275,Z,21,PBZ,0,0,ASOS, , , , , , , , , , , , ,262
415723,ALLEGHENY CO.,ROSEDALE,10/30/2012,105,Flood, , ,0,0,25000,0,PA,EST-5, ,69275,C,3,PBZ,0,0,Emergency Manager,Heavy Rain, , ,1,W,0,WNW,ROSEDALE,40.48,-79.83,40.48,-79.83,263
425370,ALLEGHENY (ZONE), ,12/26/2012,700,Winter Storm, , ,0,0,0,0,PA,EST-5, ,70818,Z,21,PBZ,0,0,Trained Spotter, , , , , , , , , , , , ,264
425735,ALLEGHENY (ZONE), ,01/15/2013,2000,Winter Weather, , ,0,0,0,0,PA,EST-5, ,70571,Z,21,PBZ,0,0,Trained Spotter, , , , , , , , , , , , ,265
425729,ALLEGHENY (ZONE), ,01/22/2013,700,Cold/Wind Chill, , ,0,0,0,0,PA,EST-5, ,70566,Z,21,PBZ,0,0,AWSS, , , , , , , , , , , , ,266
425732,ALLEGHENY (ZONE), ,01/25/2013,1100,Winter Weather, , ,0,0,0,0,PA,EST-5, ,70569,Z,21,PBZ,0,0,Official NWS Observations, , , , , , , , , , , , ,267
423060,ALLEGHENY CO.,CUDDY,01/30/2013,1004,Thunderstorm Wind,50.00, ,0,0,5000,0,PA,EST-5,EG,70451,C,3,PBZ,0,0,Public, , , ,1,E,1,E,CUDDY,40.35,-80.14,40.35,-80.14,268
423062,ALLEGHENY CO.,MT LEBANON,01/30/2013,1006,Thunderstorm Wind,50.00, ,0,0,10000,0,PA,EST-5,EG,70451,C,3,PBZ,0,0,Emergency Manager, , , ,1,WSW,1,WSW,MT LEBANON,40.37,-80.05,40.37,-80.05,269
423063,ALLEGHENY CO.,BRUCETON,01/30/2013,1010,Thunderstorm Wind,50.00, ,0,0,10000,0,PA,EST-5,EG,70451,C,3,PBZ,0,0,Emergency Manager, , , ,1,SSW,1,SSW,BRUCETON,40.3,-79.99,40.3,-79.99,270
436184,ALLEGHENY (ZONE), ,03/05/2013,2200,Heavy Snow, , ,0,0,0,0,PA,EST-5, ,72337,Z,21,PBZ,0,0,Trained Spotter, , , , , , , , , , , , ,271
435904,ALLEGHENY CO.,CARNEGIE,04/10/2013,1400,Hail,0.88, ,0,0,0,0,PA,EST-5, ,72298,C,3,PBZ,0,0,Amateur Radio, , , ,1,SW,1,SW,CARNEGIE,40.41,-80.09,40.41,-80.09,272
435909,ALLEGHENY CO.,SYGAN,04/10/2013,1645,Hail,1.75, ,0,0,0,0,PA,EST-5, ,72298,C,3,PBZ,0,0,Public, , , ,1,S,1,S,SYGAN,40.33,-80.13,40.33,-80.13,273
435912,ALLEGHENY CO.,BOWER HILL,04/10/2013,1655,Hail,0.75, ,0,0,0,0,PA,EST-5, ,72298,C,3,PBZ,0,0,CoCoRaHS, , , ,1,SW,1,SW,BOWER HILL,40.36,-80.11,40.36,-80.11,274
435913,ALLEGHENY CO.,PLEASANT HILLS,04/10/2013,1700,Hail,1.75, ,0,0,0,0,PA,EST-5, ,72298,C,3,PBZ,0,0,Public, , , ,1,W,1,W,PLEASANT HILLS,40.33,-79.96,40.33,-79.96,275
435914,ALLEGHENY CO.,PLEASANT HILLS,04/10/2013,1701,Hail,1.50, ,0,0,0,0,PA,EST-5, ,72298,C,3,PBZ,0,0,Public, , , ,0,N,0,N,PLEASANT HILLS,40.33,-79.95,40.33,-79.95,276
435915,ALLEGHENY CO.,BOWER HILL,04/10/2013,1702,Hail,1.00, ,0,0,0,0,PA,EST-5, ,72298,C,3,PBZ,0,0,Public, , , ,1,SW,1,SW,BOWER HILL,40.36,-80.11,40.36,-80.11,277
435916,ALLEGHENY CO.,BRENTWOOD,04/10/2013,1703,Hail,1.00, ,0,0,0,0,PA,EST-5, ,72298,C,3,PBZ,0,0,Trained Spotter, , , ,1,S,1,S,BRENTWOOD,40.36,-79.97,40.36,-79.97,278
435917,ALLEGHENY CO.,RIVERTON,04/10/2013,1705,Hail,1.75, ,0,0,0,0,PA,EST-5, ,72298,C,3,PBZ,0,0,Trained Spotter, , , ,1,SE,1,SE,RIVERTON,40.34,-79.84,40.34,-79.84,279
435918,ALLEGHENY CO.,WHITE OAK,04/10/2013,1722,Hail,0.75, ,0,0,0,0,PA,EST-5, ,72298,C,3,PBZ,0,0,Trained Spotter, , , ,1,S,1,S,WHITE OAK,40.34,-79.8,40.34,-79.8,280
435919,ALLEGHENY CO.,HIGHCLIFF,04/10/2013,1802,Hail,1.00, ,0,0,0,0,PA,EST-5, ,72298,C,3,PBZ,0,0,Trained Spotter, , , ,1,NE,1,NE,HIGHCLIFF,40.53,-80.02,40.53,-80.02,281
435920,ALLEGHENY CO.,TALLEY GAVEY,04/10/2013,1804,Hail,0.88, ,0,0,0,0,PA,EST-5, ,72298,C,3,PBZ,0,0,Trained Spotter, , , ,1,N,1,N,TALLEY GAVEY,40.59,-79.95,40.59,-79.95,282
435921,ALLEGHENY CO.,CARNOT,04/10/2013,1957,Hail,0.88, ,0,0,0,0,PA,EST-5, ,72298,C,3,PBZ,0,0,Official NWS Observations, , , ,1,N,1,N,CARNOT,40.53,-80.22,40.53,-80.22,283
449635,ALLEGHENY CO.,CLINTON,04/16/2013,1818,Hail,0.88, ,0,0,0,0,PA,EST-5, ,74337,C,3,PBZ,0,0,Trained Spotter, , , ,1,SE,1,SE,CLINTON,40.49,-80.29,40.49,-80.29,284
449636,ALLEGHENY CO.,MOON,04/16/2013,1830,Hail,0.75, ,0,0,0,0,PA,EST-5, ,74337,C,3,PBZ,0,0,Public, , , ,1,NW,1,NW,MOON,40.51,-80.24,40.51,-80.24,285
449637,ALLEGHENY CO.,MT LEBANON,04/16/2013,1832,Hail,0.88, ,0,0,0,0,PA,EST-5, ,74337,C,3,PBZ,0,0,Public, , , ,1,WSW,1,WSW,MT LEBANON,40.37,-80.05,40.37,-80.05,286
449638,ALLEGHENY CO.,GAYLY,04/16/2013,1845,Hail,1.00, ,0,0,0,0,PA,EST-5, ,74337,C,3,PBZ,0,0,Trained Spotter, , , ,1,N,1,N,GAYLY,40.46,-80.13,40.46,-80.13,287
449640,ALLEGHENY CO.,CRAFTON,04/16/2013,1849,Thunderstorm Wind,50.00, ,0,0,2000,0,PA,EST-5,EG,74337,C,3,PBZ,0,0,State Official, , , ,1,ENE,1,ENE,CRAFTON,40.44,-80.01,40.44,-80.01,288
449639,ALLEGHENY CO.,ROOK,04/16/2013,1853,Hail,0.75, ,0,0,0,0,PA,EST-5, ,74337,C,3,PBZ,0,0,Trained Spotter, , , ,1,SW,1,SW,ROOK,40.39,-80.08,40.39,-80.08,289
449641,ALLEGHENY CO.,LIBERTY,04/16/2013,1909,Thunderstorm Wind,50.00, ,0,0,1000,0,PA,EST-5,EG,74337,C,3,PBZ,0,0,Trained Spotter, , , ,1,W,1,W,LIBERTY,40.33,-79.89,40.33,-79.89,290
449631,ALLEGHENY CO.,CLIFF MINE,04/16/2013,1935,Flash Flood, , ,0,0,2000,0,PA,EST-5, ,74337,C,3,PBZ,0,0,NWS Employee,Heavy Rain, , ,2,ENE,2,E,CLIFF MINE,40.4556,-80.1651,40.4533,-80.1714,291
449632,ALLEGHENY CO.,CRAFTON,04/16/2013,1955,Flash Flood, , ,0,0,5000,0,PA,EST-5, ,74337,C,3,PBZ,0,0,Emergency Manager,Heavy Rain, , ,1,N,1,N,CRAFTON,40.4434,-80.027,40.4415,-80.0301,292
444088,ALLEGHENY CO.,CARNEGIE,05/10/2013,1500,Thunderstorm Wind,50.00, ,0,0,25000,0,PA,EST-5,EG,73450,C,3,PBZ,0,0,911 Call Center, , , ,1,SW,1,SW,CARNEGIE,40.41,-80.09,40.41,-80.09,293
444093,ALLEGHENY CO.,NEVILLE IS,05/10/2013,1515,Thunderstorm Wind,50.00, ,0,0,1000,0,PA,EST-5,EG,73450,C,3,PBZ,0,0,Public, , , ,1,N,1,N,NEVILLE IS,40.51,-80.08,40.51,-80.08,294
460088,ALLEGHENY CO.,MC KEES ROCKS,06/13/2013,200,Thunderstorm Wind,50.00, ,0,0,2000,0,PA,EST-5,EG,75773,C,3,PBZ,0,0,Post Office, , , ,1,ENE,1,ENE,MC KEES ROCKS,40.48,-80.06,40.48,-80.06,295
460090,ALLEGHENY CO.,FOREST GROVE,06/13/2013,236,Thunderstorm Wind,50.00, ,0,0,2500,0,PA,EST-5,EG,75773,C,3,PBZ,0,0,Law Enforcement, , , ,1,W,1,W,FOREST GROVE,40.48,-80.14,40.48,-80.14,296
460091,ALLEGHENY CO.,BEN AVON,06/13/2013,310,Thunderstorm Wind,50.00, ,0,0,2000,0,PA,EST-5,EG,75773,C,3,PBZ,0,0,Law Enforcement, , , ,1,W,1,W,BEN AVON,40.4993,-80.0638,40.4993,-80.0638,297
460092,ALLEGHENY CO.,MC KEES ROCKS,06/13/2013,320,Thunderstorm Wind,50.00, ,0,0,500,0,PA,EST-5,EG,75773,C,3,PBZ,0,0,Public, , , ,1,NE,1,NE,MC KEES ROCKS,40.48,-80.07,40.48,-80.07,298
460094,ALLEGHENY CO.,PITTOCK,06/13/2013,325,Thunderstorm Wind,50.00, ,0,0,1000,0,PA,EST-5,EG,75773,C,3,PBZ,0,0,Law Enforcement, , , ,0,ENE,0,ENE,PITTOCK,40.4813,-80.1114,40.4813,-80.1114,299
460095,ALLEGHENY CO.,BEN AVON,06/13/2013,330,Thunderstorm Wind,50.00, ,0,0,1000,0,PA,EST-5,EG,75773,C,3,PBZ,0,0,Broadcast Media, , , ,1,SSE,1,SSE,BEN AVON,40.4843,-80.0437,40.4843,-80.0437,300
460096,ALLEGHENY CO.,AVALON,06/13/2013,330,Thunderstorm Wind,50.00, ,0,0,1000,0,PA,EST-5,EG,75773,C,3,PBZ,0,0,Broadcast Media, , , ,1,S,1,S,AVALON,40.49,-80.02,40.49,-80.02,301
460114,ALLEGHENY CO.,EDGEWOOD,06/13/2013,333,Thunderstorm Wind,50.00, ,0,0,1000,0,PA,EST-5,EG,75773,C,3,PBZ,0,0,Broadcast Media, , , ,2,WNW,2,WNW,EDGEWOOD,40.44,-79.92,40.44,-79.92,302
460099,ALLEGHENY CO.,ETNA,06/13/2013,333,Thunderstorm Wind,50.00, ,0,0,1000,0,PA,EST-5,EG,75773,C,3,PBZ,0,0,Broadcast Media, , , ,1,ENE,1,ENE,ETNA,40.5047,-79.9496,40.5047,-79.9496,303
460097,ALLEGHENY CO.,SHARPSBURG,06/13/2013,333,Thunderstorm Wind,50.00, ,0,0,1000,0,PA,EST-5,EG,75773,C,3,PBZ,0,0,Broadcast Media, , , ,2,WSW,2,WSW,SHARPSBURG,40.489,-79.9329,40.489,-79.9329,304
460101,ALLEGHENY CO.,CASTLE SHANNON,06/13/2013,336,Thunderstorm Wind,50.00, ,0,0,1000,0,PA,EST-5,EG,75773,C,3,PBZ,0,0,Law Enforcement, , , ,1,NNW,1,NNW,CASTLE SHANNON,40.3576,-80.0553,40.3576,-80.0553,305
460457,ALLEGHENY CO.,BRENTWOOD,06/13/2013,349,Flood, , ,0,0,5000,0,PA,EST-5, ,75773,C,3,PBZ,0,0,Law Enforcement,Heavy Rain, , ,2,WNW,1,E,DORMONT,40.3803,-79.9969,40.398,-80.0024,306
460460,ALLEGHENY CO.,ELIZABETH,06/13/2013,426,Flood, , ,0,0,2000,0,PA,EST-5, ,75773,C,3,PBZ,0,0,State Official,Heavy Rain, , ,0,NW,0,WNW,ELIZABETH,40.2722,-79.8839,40.2713,-79.8848,307
460461,ALLEGHENY CO.,ELIZABETH,06/13/2013,426,Flood, , ,0,0,5000,0,PA,EST-5, ,75773,C,3,PBZ,0,0,State Official,Heavy Rain, , ,1,WNW,1,NW,ELIZABETH,40.2741,-79.8994,40.2801,-79.8914,308
460106,ALLEGHENY CO.,DORMONT,06/13/2013,430,Thunderstorm Wind,50.00, ,0,0,1000,0,PA,EST-5,EG,75773,C,3,PBZ,0,0,State Official, , , ,2,E,2,E,DORMONT,40.3962,-79.9983,40.3962,-79.9983,309
460464,ALLEGHENY CO.,OPTION,06/13/2013,435,Flood, , ,0,0,5000,0,PA,EST-5, ,75773,C,3,PBZ,0,0,State Official,Heavy Rain, , ,2,S,2,SE,OPTION,40.4044,-79.9775,40.4131,-79.9594,310
460467,ALLEGHENY CO.,WEST ELIZABETH,06/13/2013,515,Flood, , ,0,0,2000,0,PA,EST-5, ,75773,C,3,PBZ,0,0,State Official,Heavy Rain, , ,1,E,1,E,WEST ELIZABETH,40.2716,-79.9186,40.2704,-79.92,311
460502,ALLEGHENY CO.,HIGHCLIFF,06/18/2013,1514,Hail,0.88, ,0,0,0,0,PA,EST-5, ,76359,C,3,PBZ,0,0,Trained Spotter, , , ,1,NE,1,NE,HIGHCLIFF,40.53,-80.02,40.53,-80.02,312
460503,ALLEGHENY CO.,SHARPSBURG,06/18/2013,1541,Hail,0.88, ,0,0,0,0,PA,EST-5, ,76359,C,3,PBZ,0,0,Public, , , ,0,N,0,N,SHARPSBURG,40.5,-79.9,40.5,-79.9,313
460504,ALLEGHENY CO.,CHESWICK,06/18/2013,1600,Hail,1.00, ,0,0,0,0,PA,EST-5, ,76359,C,3,PBZ,0,0,Trained Spotter, , , ,1,N,1,N,CHESWICK,40.54,-79.8,40.54,-79.8,314
464557,ALLEGHENY CO.,OPTION,06/25/2013,1755,Thunderstorm Wind,50.00, ,0,0,2000,0,PA,EST-5,EG,76982,C,3,PBZ,0,0,Trained Spotter, , , ,1,NW,1,NW,OPTION,40.4446,-80.0008,40.4446,-80.0008,315
464655,ALLEGHENY CO.,WILMERDING,06/25/2013,1805,Thunderstorm Wind,50.00, ,0,0,500,0,PA,EST-5,EG,76982,C,3,PBZ,0,0,Public, , , ,1,E,1,E,WILMERDING,40.38,-79.81,40.38,-79.81,316
464654,ALLEGHENY CO.,MUNHALL,06/25/2013,1805,Thunderstorm Wind,50.00, ,0,0,500,0,PA,EST-5,EG,76982,C,3,PBZ,0,0,Public, , , ,1,ESE,1,ESE,MUNHALL,40.39,-79.9,40.39,-79.9,317
464586,ALLEGHENY CO.,MC KEES ROCKS,06/25/2013,1806,Thunderstorm Wind,50.00, ,0,0,500,0,PA,EST-5,EG,76982,C,3,PBZ,0,0,Public, , , ,1,E,1,E,MC KEES ROCKS,40.47,-80.06,40.47,-80.06,318
464613,ALLEGHENY CO.,OPTION,06/25/2013,1811,Thunderstorm Wind,50.00, ,0,0,1000,0,PA,EST-5,EG,76982,C,3,PBZ,0,0,NWS Employee, , , ,1,W,1,W,OPTION,40.43,-80.0018,40.43,-80.0018,319
464598,ALLEGHENY CO.,OPTION,06/25/2013,1815,Thunderstorm Wind,50.00, ,0,0,2000,0,PA,EST-5,EG,76982,C,3,PBZ,0,0,NWS Employee, , , ,3,ENE,3,ENE,OPTION,40.4475,-79.9379,40.4475,-79.9379,320
464585,ALLEGHENY CO.,BAYNE,06/25/2013,1815,Thunderstorm Wind,50.00, ,0,0,500,0,PA,EST-5,EG,76982,C,3,PBZ,0,0,Public, , , ,1,ESE,1,ESE,BAYNE,40.59,-80.1,40.59,-80.1,321
464583,ALLEGHENY CO.,WILKINSBURG,06/25/2013,1818,Thunderstorm Wind,50.00, ,0,0,500,0,PA,EST-5,EG,76982,C,3,PBZ,0,0,Public, , , ,1,S,1,S,WILKINSBURG,40.42,-79.85,40.42,-79.85,322
465753,ALLEGHENY CO.,MUNHALL,06/25/2013,1824,Hail,1.00, ,0,0,0,0,PA,EST-5, ,76982,C,3,PBZ,0,0,Public, , , ,1,NE,1,NE,MUNHALL,40.41,-79.91,40.41,-79.91,323
464676,ALLEGHENY CO.,RENTON,06/25/2013,1836,Thunderstorm Wind,50.00, ,0,0,2000,0,PA,EST-5,EG,76982,C,3,PBZ,0,0,State Official, , , ,3,NNE,3,NNE,RENTON,40.535,-79.7172,40.535,-79.7172,324
464642,ALLEGHENY CO.,NATRONA HGTS,06/25/2013,1836,Thunderstorm Wind,50.00, ,0,0,2000,0,PA,EST-5,EG,76982,C,3,PBZ,0,0,State Official, , , ,8,ENE,8,ENE,NATRONA HGTS,40.6744,-79.5724,40.6744,-79.5724,325
465760,ALLEGHENY CO.,SHARPSBURG,06/26/2013,5,Flood, , ,0,0,2000,0,PA,EST-5, ,76982,C,3,PBZ,0,0,State Official,Heavy Rain, , ,1,SSW,1,NW,ASPINWALL,40.49,-79.9054,40.4844,-79.8878,326
465761,ALLEGHENY CO.,DORMONT,06/26/2013,19,Flood, , ,0,0,8000,0,PA,EST-5, ,76982,C,3,PBZ,0,0,State Official,Heavy Rain, , ,2,ENE,1,NW,BRENTWOOD,40.4124,-80.0048,40.3853,-79.9897,327
465762,ALLEGHENY CO.,BEN AVON,06/26/2013,310,Flood, , ,0,0,5000,0,PA,EST-5, ,76982,C,3,PBZ,0,0,State Official,Heavy Rain, , ,1,WSW,1,W,BEN AVON,40.4959,-80.0643,40.4981,-80.0625,328
465919,ALLEGHENY CO.,CLIFF MINE,06/28/2013,1238,Hail,1.00, ,0,0,0,0,PA,EST-5, ,77154,C,3,PBZ,0,0,Trained Spotter, , , ,1,SSE,1,SSE,CLIFF MINE,40.43,-80.19,40.43,-80.19,329
465920,ALLEGHENY CO.,GAYLY,06/28/2013,1244,Hail,1.00, ,0,0,0,0,PA,EST-5, ,77154,C,3,PBZ,0,0,Public, , , ,1,E,1,E,GAYLY,40.45,-80.12,40.45,-80.12,330
465927,ALLEGHENY CO.,GAYLY,06/28/2013,1245,Hail,1.00, ,0,0,0,0,PA,EST-5, ,77154,C,3,PBZ,0,0,Public, , , ,1,E,1,E,GAYLY,40.45,-80.11,40.45,-80.11,331
465925,ALLEGHENY CO.,GAYLY,06/28/2013,1245,Hail,1.00, ,0,0,0,0,PA,EST-5, ,77154,C,3,PBZ,0,0,Public, , , ,1,W,1,W,GAYLY,40.45,-80.14,40.45,-80.14,332
465930,ALLEGHENY CO.,KENMAWR,06/28/2013,1247,Hail,1.00, ,0,0,0,0,PA,EST-5, ,77154,C,3,PBZ,0,0,Public, , , ,1,SW,1,SW,KENMAWR,40.47,-80.11,40.47,-80.11,333
465931,ALLEGHENY CO.,MC KEES ROCKS,06/28/2013,1247,Hail,1.25, ,0,0,0,0,PA,EST-5, ,77154,C,3,PBZ,0,0,Public, , , ,1,S,1,S,MC KEES ROCKS,40.45,-80.08,40.45,-80.08,334
465921,ALLEGHENY CO.,MC KEES ROCKS,06/28/2013,1248,Hail,0.75, ,0,0,0,0,PA,EST-5, ,77154,C,3,PBZ,0,0,Public, , , ,1,E,1,E,MC KEES ROCKS,40.47,-80.06,40.47,-80.06,335
465922,ALLEGHENY CO.,INGRAM,06/28/2013,1251,Hail,1.00, ,0,0,0,0,PA,EST-5, ,77154,C,3,PBZ,0,0,Public, , , ,1,E,1,E,INGRAM,40.43,-80.07,40.43,-80.07,336
466116,ALLEGHENY CO.,MILLVALE,06/28/2013,1625,Thunderstorm Wind,50.00, ,0,0,2000,0,PA,EST-5,EG,77154,C,3,PBZ,0,0,Emergency Manager, , , ,1,SSW,1,SSW,MILLVALE,40.4688,-79.9854,40.4688,-79.9854,337
466119,ALLEGHENY CO.,WILKINSBURG,06/28/2013,1637,Thunderstorm Wind,50.00, ,0,0,2000,0,PA,EST-5,EG,77154,C,3,PBZ,0,0,Emergency Manager, , , ,1,N,1,N,WILKINSBURG,40.45,-79.85,40.45,-79.85,338
466134,ALLEGHENY CO.,ASPINWALL,06/28/2013,1637,Thunderstorm Wind,50.00, ,0,0,2000,0,PA,EST-5,EG,77154,C,3,PBZ,0,0,Emergency Manager, , , ,0,N,0,N,ASPINWALL,40.4814,-79.8801,40.4814,-79.8801,339
466121,ALLEGHENY CO.,LIBERTY,06/28/2013,1640,Thunderstorm Wind,50.00, ,0,0,1000,0,PA,EST-5,EG,77154,C,3,PBZ,0,0,Emergency Manager, , , ,1,W,1,W,LIBERTY,40.33,-79.89,40.33,-79.89,340
466245,ALLEGHENY CO.,DORMONT,06/30/2013,1346,Flood, , ,0,0,0,0,PA,EST-5, ,77203,C,3,PBZ,0,0,Emergency Manager,Heavy Rain, , ,1,WSW,1,W,DORMONT,40.3983,-80.041,40.4014,-80.0447,341
466243,ALLEGHENY CO.,WILKINS TOWNSHIP,06/30/2013,1442,Flash Flood, , ,0,0,0,0,PA,EST-5, ,77203,C,3,PBZ,0,0,Emergency Manager,Heavy Rain, , ,1,W,0,SW,WILKINS TOWNSHIP,40.4492,-79.8296,40.446,-79.8248,342
466244,ALLEGHENY CO.,SANDY CREEK,06/30/2013,1445,Flash Flood, , ,0,0,0,0,PA,EST-5, ,77203,C,3,PBZ,0,0,Emergency Manager,Heavy Rain, , ,1,NW,0,SSW,BLAWNOX,40.489,-79.8625,40.4962,-79.8516,343
459976,ALLEGHENY CO.,WILLOCK,07/09/2013,1920,Flood, , ,0,0,5000,0,PA,EST-5, ,76294,C,3,PBZ,0,0,Trained Spotter,Heavy Rain, , ,1,N,1,N,WILLOCK,40.3598,-79.9524,40.3592,-79.9513,344
459981,ALLEGHENY CO.,DORMONT,07/09/2013,1933,Flood, , ,0,0,10000,0,PA,EST-5, ,76294,C,3,PBZ,0,0,911 Call Center,Heavy Rain, , ,1,ENE,1,ENE,DORMONT,40.41,-80.01,40.4095,-80.0076,345
460283,ALLEGHENY CO.,BALDWIN,07/10/2013,552,Flash Flood, , ,0,0,10000,0,PA,EST-5, ,76297,C,3,PBZ,0,0,Emergency Manager,Heavy Rain, , ,1,E,1,S,BALDWIN,40.379,-79.937,40.3659,-79.9511,346
460284,ALLEGHENY CO.,WEST MIFFLIN,07/10/2013,555,Flash Flood, , ,0,0,10000,0,PA,EST-5, ,76297,C,3,PBZ,0,0,Emergency Manager,Heavy Rain, , ,0,ENE,0,E,WEST MIFFLIN,40.3712,-79.9137,40.3701,-79.9141,347
460285,ALLEGHENY CO.,DORMONT,07/10/2013,600,Flash Flood, , ,0,0,10000,0,PA,EST-5, ,76297,C,3,PBZ,0,0,Emergency Manager,Heavy Rain, , ,1,ENE,1,ENE,DORMONT,40.4059,-80.0037,40.4062,-80.0043,348
460287,ALLEGHENY CO.,CLIFF MINE,07/10/2013,709,Flash Flood, , ,0,0,25000,0,PA,EST-5, ,76297,C,3,PBZ,0,0,Public,Heavy Rain, , ,1,W,1,SSE,CLIFF MINE,40.45,-80.21,40.4388,-80.192,349
460289,ALLEGHENY CO.,EAST CARNEGIE,07/10/2013,714,Flash Flood, , ,0,0,25000,0,PA,EST-5, ,76297,C,3,PBZ,0,0,Emergency Manager,Heavy Rain, , ,1,ENE,1,NE,EAST CARNEGIE,40.427,-80.0526,40.4278,-80.0562,350
460291,ALLEGHENY CO.,CRAFTON,07/10/2013,715,Flash Flood, , ,0,0,25000,0,PA,EST-5, ,76297,C,3,PBZ,0,0,Emergency Manager,Heavy Rain, , ,0,ESE,1,ESE,CRAFTON,40.4268,-80.0232,40.4261,-80.0213,351
460292,ALLEGHENY CO.,DORMONT,07/10/2013,727,Flash Flood, , ,0,0,50000,0,PA,EST-5, ,76297,C,3,PBZ,0,0,Emergency Manager,Heavy Rain, , ,1,N,1,NNE,DORMONT,40.4131,-80.0306,40.4117,-80.0267,352
460293,ALLEGHENY CO.,WEST MIFFLIN,07/10/2013,729,Flash Flood, , ,0,0,50000,0,PA,EST-5, ,76297,C,3,PBZ,0,0,Emergency Manager,Heavy Rain, , ,0,N,0,NE,WEST MIFFLIN,40.37,-79.92,40.3727,-79.917,353
460295,ALLEGHENY CO.,INGRAM,07/10/2013,740,Flash Flood, , ,0,0,25000,0,PA,EST-5, ,76297,C,3,PBZ,0,0,Emergency Manager,Heavy Rain, , ,1,E,1,ENE,INGRAM,40.43,-80.07,40.4357,-80.0671,354
460294,ALLEGHENY CO.,WHITE OAK,07/10/2013,740,Flash Flood, , ,0,0,20000,0,PA,EST-5, ,76297,C,3,PBZ,0,0,Public,Heavy Rain, , ,1,S,1,SSW,WHITE OAK,40.34,-79.8,40.337,-79.8047,355
460296,ALLEGHENY CO.,ELIZABETH,07/10/2013,742,Flash Flood, , ,0,0,50000,0,PA,EST-5, ,76297,C,3,PBZ,0,0,Emergency Manager,Heavy Rain, , ,0,NW,0,WNW,ELIZABETH,40.2725,-79.8826,40.272,-79.8848,356
460298,ALLEGHENY CO.,LIBERTY,07/10/2013,743,Flash Flood, , ,0,0,10000,0,PA,EST-5, ,76297,C,3,PBZ,0,0,Emergency Manager,Heavy Rain, , ,1,W,1,W,LIBERTY,40.33,-79.89,40.329,-79.8928,357
460305,ALLEGHENY CO.,DRAVOSBURG,07/10/2013,747,Flash Flood, , ,0,0,10000,0,PA,EST-5, ,76297,C,3,PBZ,0,0,Emergency Manager,Heavy Rain, , ,1,E,1,ESE,DRAVOSBURG,40.35,-79.89,40.3464,-79.887,358
460306,ALLEGHENY CO.,LARGE,07/10/2013,748,Flash Flood, , ,0,0,25000,0,PA,EST-5, ,76297,C,3,PBZ,0,0,Emergency Manager,Heavy Rain, , ,1,SE,1,SW,CLAIRTON,40.2905,-79.9106,40.2933,-79.9081,359
460309,ALLEGHENY CO.,CLAIRTON,07/10/2013,752,Flash Flood, , ,0,0,10000,0,PA,EST-5, ,76297,C,3,PBZ,0,0,Emergency Manager,Heavy Rain, , ,1,ESE,1,ESE,CLAIRTON,40.2909,-79.8762,40.2913,-79.8741,360
460315,ALLEGHENY CO.,MILLERSTOWN,07/10/2013,804,Flash Flood, , ,0,0,5000,0,PA,EST-5, ,76297,C,3,PBZ,0,0,Emergency Manager,Heavy Rain, , ,1,ENE,1,ENE,MILLERSTOWN,40.6558,-79.7883,40.6526,-79.7868,361
460316,ALLEGHENY CO.,BRUCETON,07/10/2013,809,Flash Flood, , ,0,0,10000,0,PA,EST-5, ,76297,C,3,PBZ,0,0,Emergency Manager,Heavy Rain, , ,1,NW,1,NW,BRUCETON,40.3294,-79.9902,40.3296,-79.9905,362
460319,ALLEGHENY CO.,GLENDALE,07/10/2013,832,Flash Flood, , ,0,0,35000,0,PA,EST-5, ,76297,C,3,PBZ,0,0,Public,Heavy Rain, , ,1,NE,1,NNE,GLENDALE,40.4075,-80.0897,40.409,-80.0924,363
460571,ALLEGHENY CO.,CLIFTON,07/10/2013,942,Flash Flood, , ,0,0,5000,0,PA,EST-5, ,76297,C,3,PBZ,0,0,NWS Employee,Heavy Rain, , ,2,E,1,E,CLIFTON,40.33,-80.07,40.3321,-80.0727,364
460324,ALLEGHENY CO.,OAKDALE,07/10/2013,1113,Flash Flood, , ,0,0,50000,0,PA,EST-5, ,76297,C,3,PBZ,0,0,Trained Spotter,Heavy Rain, , ,1,W,1,WSW,OAKDALE,40.4,-80.19,40.3962,-80.1884,365
460330,ALLEGHENY CO.,OPTION,07/10/2013,1528,Flash Flood, , ,0,0,10000,0,PA,EST-5, ,76297,C,3,PBZ,0,0,Emergency Manager,Heavy Rain, , ,1,N,1,NNE,OPTION,40.4463,-79.9759,40.4462,-79.9757,366
460334,ALLEGHENY CO.,CRAFTON,07/10/2013,1536,Flash Flood, , ,0,0,5000,0,PA,EST-5, ,76297,C,3,PBZ,0,0,Emergency Manager,Heavy Rain, , ,1,SSE,1,SSE,CRAFTON,40.4215,-80.0247,40.4219,-80.0253,367
460338,ALLEGHENY CO.,MUSTARD,07/10/2013,1643,Flash Flood, , ,0,0,50000,0,PA,EST-5, ,76297,C,3,PBZ,0,0,Emergency Manager,Heavy Rain, , ,1,NNE,1,N,MUSTARD,40.2382,-79.8171,40.2384,-79.8184,368
460587,ALLEGHENY CO.,VIRSOIX,07/10/2013,1658,Thunderstorm Wind,50.00, ,0,0,25000,0,PA,EST-5,EG,76297,C,3,PBZ,0,0,NWS Storm Survey, , , ,1,ESE,1,ESE,VIRSOIX,40.46,-80.28,40.46,-80.28,369
460588,ALLEGHENY CO.,IMPERIAL,07/10/2013,1700,Thunderstorm Wind,50.00, ,0,0,25000,0,PA,EST-5,EG,76297,C,3,PBZ,0,0,NWS Storm Survey, , , ,0,N,0,N,IMPERIAL,40.45,-80.25,40.45,-80.25,370
460589,ALLEGHENY CO.,MOON,07/10/2013,1703,Thunderstorm Wind,50.00, ,0,0,25000,0,PA,EST-5,EG,76297,C,3,PBZ,0,0,NWS Storm Survey, , , ,2,WSW,2,WSW,MOON,40.49,-80.26,40.49,-80.26,371
460367,ALLEGHENY CO.,ELIZABETH,07/10/2013,1740,Thunderstorm Wind,50.00, ,0,0,25000,0,PA,EST-5,EG,76297,C,3,PBZ,0,0,Fire Department/Rescue, , , ,1,W,1,W,ELIZABETH,40.27,-79.89,40.27,-79.89,372
460344,ALLEGHENY CO.,ROOK,07/10/2013,1745,Flash Flood, , ,0,0,15000,0,PA,EST-5, ,76297,C,3,PBZ,0,0,Emergency Manager,Heavy Rain, , ,1,S,1,S,ROOK,40.3851,-80.0678,40.3831,-80.0675,373
460371,ALLEGHENY CO.,ELIZABETH,07/10/2013,1745,Thunderstorm Wind,50.00, ,0,0,10000,0,PA,EST-5,EG,76297,C,3,PBZ,0,0,Fire Department/Rescue, , , ,1,W,1,W,ELIZABETH,40.27,-79.89,40.27,-79.89,374
460346,ALLEGHENY CO.,BALDWIN,07/10/2013,1746,Flash Flood, , ,0,0,50000,0,PA,EST-5, ,76297,C,3,PBZ,0,0,Emergency Manager,Heavy Rain, , ,1,E,1,SSE,BALDWIN,40.379,-79.9369,40.37,-79.9469,375
460347,ALLEGHENY CO.,CRAFTON,07/10/2013,1747,Flash Flood, , ,0,0,10000,0,PA,EST-5, ,76297,C,3,PBZ,0,0,Emergency Manager,Heavy Rain, , ,0,ENE,0,E,CRAFTON,40.4309,-80.0283,40.4295,-80.0253,376
460350,ALLEGHENY CO.,LINCOLN,07/10/2013,1748,Flash Flood, , ,0,0,15000,0,PA,EST-5, ,76297,C,3,PBZ,0,0,Emergency Manager,Heavy Rain, , ,1,S,1,SSE,LINCOLN,40.3004,-79.8651,40.3017,-79.8605,377
460355,ALLEGHENY CO.,BOWER HILL,07/10/2013,1838,Heavy Rain, , ,0,0,0,0,PA,EST-5, ,76297,C,3,PBZ,0,0,CoCoRaHS, , , ,1,SW,1,SW,BOWER HILL,40.36,-80.11,40.36,-80.11,378
461732,ALLEGHENY CO.,ETNA,07/16/2013,1515,Flash Flood, , ,0,0,25000,0,PA,EST-5, ,76557,C,3,PBZ,0,0,Fire Department/Rescue,Heavy Rain, , ,1,E,1,E,ETNA,40.5,-79.95,40.4999,-79.9433,379
461745,ALLEGHENY CO.,MC KEESPORT,07/16/2013,1530,Thunderstorm Wind,50.00, ,0,0,35000,0,PA,EST-5,EG,76557,C,3,PBZ,0,0,911 Call Center, , , ,1,WSW,1,WSW,MC KEESPORT,40.3277,-79.8404,40.3277,-79.8404,380
461733,ALLEGHENY CO.,PLEASANT HILLS,07/16/2013,1530,Flash Flood, , ,0,0,10000,0,PA,EST-5, ,76557,C,3,PBZ,0,0,Public,Heavy Rain, , ,1,SSE,1,SSE,PLEASANT HILLS,40.3218,-79.9434,40.3205,-79.9425,381
461735,ALLEGHENY CO.,GLASSPORT,07/16/2013,1535,Flash Flood, , ,0,0,35000,0,PA,EST-5, ,76557,C,3,PBZ,0,0,Public,Heavy Rain, , ,0,WSW,0,WSW,GLASSPORT,40.3173,-79.8884,40.3171,-79.8884,382
461736,ALLEGHENY CO.,BLAINE HILL,07/16/2013,1559,Flash Flood, , ,0,0,10000,0,PA,EST-5, ,76557,C,3,PBZ,0,0,Public,Heavy Rain, , ,1,SSE,1,SSE,BLAINE HILL,40.2597,-79.8255,40.2598,-79.8273,383
461738,ALLEGHENY CO.,ASPINWALL,07/16/2013,1606,Flash Flood, , ,0,0,35000,0,PA,EST-5, ,76557,C,3,PBZ,0,0,911 Call Center,Heavy Rain, , ,2,WSW,1,WSW,ASPINWALL,40.4726,-79.9084,40.4724,-79.9053,384
461739,ALLEGHENY CO.,WILSON,07/16/2013,1610,Flash Flood, , ,0,0,10000,0,PA,EST-5, ,76557,C,3,PBZ,0,0,911 Call Center,Heavy Rain, , ,0,SW,0,S,WILSON,40.3191,-79.9011,40.318,-79.9001,385
461740,ALLEGHENY CO.,VERSAILLES,07/16/2013,1615,Flash Flood, , ,0,0,50000,0,PA,EST-5, ,76557,C,3,PBZ,0,0,Public,Heavy Rain, , ,1,ESE,1,WNW,COULTER,40.3095,-79.8276,40.3057,-79.8243,386
461742,ALLEGHENY CO.,MC KEESPORT,07/16/2013,1622,Flash Flood, , ,0,0,100000,0,PA,EST-5, ,76557,C,3,PBZ,0,0,911 Call Center,Heavy Rain, , ,1,WNW,1,W,MC KEESPORT,40.3342,-79.8437,40.3317,-79.8448,387
461743,ALLEGHENY CO.,MC KEESPORT,07/16/2013,1710,Flash Flood, , ,0,0,20000,0,PA,EST-5, ,76557,C,3,PBZ,0,0,911 Call Center,Heavy Rain, , ,1,ESE,1,ESE,MC KEESPORT,40.3271,-79.8162,40.3273,-79.8189,388
462796,ALLEGHENY CO.,WILMERDING,07/17/2013,1512,Thunderstorm Wind,50.00, ,0,0,20000,0,PA,EST-5,EG,76690,C,3,PBZ,0,0,911 Call Center, , , ,0,NNW,0,NNW,WILMERDING,40.3857,-79.8227,40.3857,-79.8227,389
462797,ALLEGHENY CO.,PITCAIRN,07/17/2013,1515,Thunderstorm Wind,50.00, ,0,0,25000,0,PA,EST-5,EG,76690,C,3,PBZ,0,0,911 Call Center, , , ,0,N,0,N,PITCAIRN,40.4051,-79.7787,40.4051,-79.7787,390
462799,ALLEGHENY CO.,WILKINSBURG,07/17/2013,1518,Thunderstorm Wind,50.00, ,0,0,15000,0,PA,EST-5,EG,76690,C,3,PBZ,0,0,911 Call Center, , , ,1,S,1,S,WILKINSBURG,40.42,-79.85,40.42,-79.85,391
462801,ALLEGHENY CO.,VERSAILLES,07/17/2013,1520,Thunderstorm Wind,50.00, ,0,0,5000,0,PA,EST-5,EG,76690,C,3,PBZ,0,0,Public, , , ,1,ESE,1,ESE,VERSAILLES,40.3172,-79.8359,40.3172,-79.8359,392
462791,ALLEGHENY CO.,GREENOCK,07/17/2013,1530,Hail,1.00, ,0,0,0,0,PA,EST-5, ,76690,C,3,PBZ,0,0,Public, , , ,1,SW,1,SW,GREENOCK,40.3111,-79.8117,40.3111,-79.8117,393
462780,ALLEGHENY CO.,BLAINE HILL,07/17/2013,1531,Flash Flood, , ,0,0,15000,0,PA,EST-5, ,76690,C,3,PBZ,0,0,911 Call Center,Heavy Rain, , ,2,NW,1,NW,BLAINE HILL,40.29,-79.85,40.284,-79.8447,394
462781,ALLEGHENY CO.,COULTER,07/17/2013,1536,Flash Flood, , ,0,0,75000,0,PA,EST-5, ,76690,C,3,PBZ,0,0,911 Call Center,Heavy Rain, , ,2,W,1,WSW,COULTER,40.2967,-79.8298,40.295,-79.8262,395
462783,ALLEGHENY CO.,COULTER,07/17/2013,1553,Flash Flood, , ,0,0,100000,0,PA,EST-5, ,76690,C,3,PBZ,0,0,911 Call Center,Heavy Rain, , ,2,W,2,W,COULTER,40.2967,-79.8298,40.2974,-79.8315,396
462784,ALLEGHENY CO.,MC KEESPORT,07/17/2013,1557,Flash Flood, , ,0,0,75000,0,PA,EST-5, ,76690,C,3,PBZ,0,0,911 Call Center,Heavy Rain, , ,1,S,1,S,MC KEESPORT,40.32,-79.83,40.3213,-79.8306,397
462789,ALLEGHENY CO.,SUTERSVILLE,07/17/2013,1618,Flash Flood, , ,0,0,100000,0,PA,EST-5, ,76690,C,3,PBZ,0,0,911 Call Center,Heavy Rain, , ,28,SE,27,SE,SUTERSVILLE,39.927,-79.4512,39.9398,-79.4682,398
462897,ALLEGHENY CO.,WALL,07/21/2013,1755,Flash Flood, , ,0,0,10000,0,PA,EST-5, ,76713,C,3,PBZ,0,0,Public,Heavy Rain, , ,0,SSW,0,S,WALL,40.3974,-79.7716,40.394,-79.7695,399
462898,ALLEGHENY CO.,DRAVOSBURG,07/21/2013,1808,Flash Flood, , ,0,0,35000,0,PA,EST-5, ,76713,C,3,PBZ,0,0,911 Call Center,Heavy Rain, , ,1,E,1,ESE,DRAVOSBURG,40.3502,-79.8867,40.3462,-79.8896,400
462899,ALLEGHENY CO.,RIVERTON,07/21/2013,1810,Flash Flood, , ,0,0,10000,0,PA,EST-5, ,76713,C,3,PBZ,0,0,911 Call Center,Heavy Rain, , ,1,NE,1,NE,RIVERTON,40.3604,-79.8338,40.3588,-79.8351,401
462900,ALLEGHENY CO.,OPTION,07/22/2013,1715,Flood, , ,0,0,25000,0,PA,EST-5, ,76714,C,3,PBZ,0,0,911 Call Center,Heavy Rain, , ,1,N,1,NW,MUNHALL,40.44,-79.98,40.4151,-79.9352,402
463083,ALLEGHENY CO.,SEWICKLEY HGTS,07/23/2013,1645,Thunderstorm Wind,50.00, ,0,0,10000,0,PA,EST-5,EG,76726,C,3,PBZ,0,0,911 Call Center, , , ,1,NE,1,NE,SEWICKLEY HGTS,40.5572,-80.1394,40.5572,-80.1394,403
463084,ALLEGHENY CO.,WILKINSBURG,07/23/2013,1726,Thunderstorm Wind,50.00, ,0,0,10000,0,PA,EST-5,EG,76726,C,3,PBZ,0,0,911 Call Center, , , ,0,N,0,N,WILKINSBURG,40.43,-79.85,40.43,-79.85,404
475802,ALLEGHENY CO.,BAIRDFORD,08/08/2013,1820,Flood, , ,0,0,0,0,PA,EST-5, ,79253,C,3,PBZ,0,0,911 Call Center,Heavy Rain, , ,1,NNE,2,N,INDIANOLA,40.6427,-79.8644,40.5928,-79.8493,405
473313,ALLEGHENY CO.,GAYLY,09/09/2013,1550,Hail,0.75, ,0,0,0,0,PA,EST-5, ,78768,C,3,PBZ,0,0,NWS Employee, , , ,1,WSW,1,WSW,GAYLY,40.44,-80.15,40.44,-80.15,406
473312,ALLEGHENY CO.,WILKINS TOWNSHIP,09/09/2013,1732,Flood, , ,0,0,10000,0,PA,EST-5, ,78768,C,3,PBZ,0,0,Trained Spotter,Heavy Rain, , ,1,NNW,1,NNW,WILKINS TOWNSHIP,40.4579,-79.823,40.4576,-79.8243,407
473321,ALLEGHENY CO.,ACMETONIA,09/11/2013,1440,Thunderstorm Wind,50.00, ,0,0,15000,0,PA,EST-5,EG,78769,C,3,PBZ,0,0,911 Call Center, , , ,1,SE,1,SE,ACMETONIA,40.54,-79.81,40.54,-79.81,408
473320,ALLEGHENY CO.,EDGEWOOD,09/11/2013,1450,Flood, , ,0,0,5000,0,PA,EST-5, ,78769,C,3,PBZ,0,0,911 Call Center,Heavy Rain, , ,1,NNW,1,NNW,EDGEWOOD,40.4484,-79.8947,40.4479,-79.8951,409
473315,ALLEGHENY CO.,SANDY CREEK,09/11/2013,1455,Flash Flood, , ,0,0,20000,0,PA,EST-5, ,78769,C,3,PBZ,0,0,911 Call Center,Heavy Rain, , ,1,SW,1,SW,SANDY CREEK,40.474,-79.8567,40.4711,-79.8607,410
473316,ALLEGHENY CO.,ASPINWALL,09/11/2013,1456,Flash Flood, , ,0,0,25000,0,PA,EST-5, ,78769,C,3,PBZ,0,0,911 Call Center,Heavy Rain, , ,1,NE,1,NE,ASPINWALL,40.49,-79.87,40.4905,-79.8707,411
473317,ALLEGHENY CO.,ACMETONIA,09/11/2013,1459,Flash Flood, , ,0,0,25000,0,PA,EST-5, ,78769,C,3,PBZ,0,0,911 Call Center,Heavy Rain, , ,1,E,1,E,ACMETONIA,40.55,-79.81,40.5512,-79.8088,412
473318,ALLEGHENY CO.,LOGANS FERRY,09/11/2013,1510,Flash Flood, , ,0,0,10000,0,PA,EST-5, ,78769,C,3,PBZ,0,0,911 Call Center,Heavy Rain, , ,1,NNW,1,N,LOGANS FERRY,40.5387,-79.7745,40.5417,-79.7705,413
473328,ALLEGHENY CO.,BEN AVON,09/12/2013,1038,Thunderstorm Wind,50.00, ,0,0,25000,0,PA,EST-5,EG,78772,C,3,PBZ,0,0,Emergency Manager, , , ,1,S,1,S,BEN AVON,40.49,-80.05,40.49,-80.05,414
473330,ALLEGHENY CO.,INGOMAR,09/12/2013,1050,Thunderstorm Wind,50.00, ,0,0,50000,0,PA,EST-5,EG,78772,C,3,PBZ,0,0,Trained Spotter, , , ,2,E,2,E,INGOMAR,40.58,-80.03,40.58,-80.03,415
473332,ALLEGHENY CO.,INDIANOLA,09/12/2013,1059,Thunderstorm Wind,50.00, ,0,0,15000,0,PA,EST-5,EG,78772,C,3,PBZ,0,0,Public, , , ,0,N,0,N,INDIANOLA,40.57,-79.85,40.57,-79.85,416
473334,ALLEGHENY CO.,UNITY CENTER,09/12/2013,1105,Thunderstorm Wind,25.00, ,0,0,2000,0,PA,EST-5,EG,78772,C,3,PBZ,0,0,Emergency Manager, , , ,1,S,1,S,UNITY CENTER,40.47,-79.75,40.47,-79.75,417
473335,ALLEGHENY CO.,PLUM,09/12/2013,1106,Thunderstorm Wind,50.00, ,0,0,2000,0,PA,EST-5,EG,78772,C,3,PBZ,0,0,Emergency Manager, , , ,0,N,0,N,PLUM,40.47,-79.73,40.47,-79.73,418
477785,ALLEGHENY CO.,MT LEBANON,11/01/2013,228,Thunderstorm Wind,50.00, ,0,0,25000,0,PA,EST-5,EG,79674,C,3,PBZ,0,0,Newspaper, , , ,1,W,1,W,MT LEBANON,40.38,-80.04,40.38,-80.04,419
477786,ALLEGHENY CO.,DORMONT,11/01/2013,229,Thunderstorm Wind,50.00, ,0,0,50000,0,PA,EST-5,EG,79674,C,3,PBZ,0,0,911 Call Center, , , ,1,S,1,S,DORMONT,40.39,-80.03,40.39,-80.03,420
477787,ALLEGHENY CO.,BETHEL PARK,11/01/2013,230,Thunderstorm Wind,50.00, ,0,0,20000,0,PA,EST-5,EG,79674,C,3,PBZ,0,0,Newspaper, , , ,0,N,0,N,BETHEL PARK,40.32,-80.03,40.32,-80.03,421
477788,ALLEGHENY CO.,LONGVIEW,11/01/2013,230,Thunderstorm Wind,50.00, ,0,0,25000,0,PA,EST-5,EG,79674,C,3,PBZ,0,0,Newspaper, , , ,1,N,1,N,LONGVIEW,40.36,-80.02,40.36,-80.02,422
477795,ALLEGHENY CO.,(AGC)ALLEGHENY CO AR,11/01/2013,238,Thunderstorm Wind,53.00, ,0,0,0,0,PA,EST-5,MG,79674,C,3,PBZ,0,0,ASOS, , , ,0,NW,0,NW,(AGC)ALLEGHENY CO AR,40.35,-79.93,40.35,-79.93,423
477791,ALLEGHENY CO.,NORTH BESSEMER,11/01/2013,240,Thunderstorm Wind,50.00, ,0,0,2000,0,PA,EST-5,EG,79674,C,3,PBZ,0,0,911 Call Center, , , ,1,E,1,E,NORTH BESSEMER,40.48,-79.77,40.48,-79.77,424
477802,ALLEGHENY CO.,RENTON,11/01/2013,244,Thunderstorm Wind,50.00, ,0,0,25000,0,PA,EST-5,EG,79674,C,3,PBZ,0,0,Newspaper, , , ,1,E,1,E,RENTON,40.5,-79.72,40.5,-79.72,425
477792,ALLEGHENY CO.,RENTON,11/01/2013,245,Thunderstorm Wind,50.00, ,0,0,35000,0,PA,EST-5,EG,79674,C,3,PBZ,0,0,911 Call Center, , , ,1,E,1,E,RENTON,40.5,-79.72,40.5,-79.72,426
477798,ALLEGHENY CO.,MONROEVILLE ARPT,11/01/2013,246,Thunderstorm Wind,58.00, ,0,0,0,0,PA,EST-5,MG,79674,C,3,PBZ,0,0,Mesonet, , , ,2,SE,2,SE,MONROEVILLE ARPT,40.43,-79.75,40.43,-79.75,427
477813,ALLEGHENY (ZONE), ,11/12/2013,0,Winter Weather, , ,0,0,0,0,PA,EST-5, ,79678,Z,21,PBZ,0,0,Official NWS Observations, , , , , , , , , , , , ,428
478163,ALLEGHENY CO.,CARNOT,11/17/2013,2153,Thunderstorm Wind,50.00, ,0,0,75000,0,PA,EST-5,EG,79751,C,3,PBZ,0,0,Broadcast Media, , , ,1,SSW,1,SSW,CARNOT,40.5113,-80.2224,40.5113,-80.2224,429
478168,ALLEGHENY CO.,OAKDALE,11/17/2013,2155,Thunderstorm Wind,50.00, ,0,0,25000,0,PA,EST-5,EG,79751,C,3,PBZ,0,0,911 Call Center, , , ,0,WSW,0,WSW,OAKDALE,40.3979,-80.1858,40.3979,-80.1858,430
478169,ALLEGHENY CO.,HARDY,11/17/2013,2156,Thunderstorm Wind,50.00, ,0,0,20000,0,PA,EST-5,EG,79751,C,3,PBZ,0,0,911 Call Center, , , ,2,WSW,2,WSW,HARDY,40.61,-80,40.61,-80,431
478170,ALLEGHENY CO.,HIGHCLIFF,11/17/2013,2200,Thunderstorm Wind,50.00, ,0,0,25000,0,PA,EST-5,EG,79751,C,3,PBZ,0,0,911 Call Center, , , ,1,NE,1,NE,HIGHCLIFF,40.53,-80.02,40.53,-80.02,432
478171,ALLEGHENY CO.,PRESTO,11/17/2013,2207,Thunderstorm Wind,50.00, ,0,0,25000,0,PA,EST-5,EG,79751,C,3,PBZ,0,0,911 Call Center, , , ,0,NNW,0,NNW,PRESTO,40.3827,-80.1219,40.3827,-80.1219,433
479644,ALLEGHENY (ZONE), ,11/26/2013,1000,Winter Weather, , ,0,0,0,0,PA,EST-5, ,80096,Z,21,PBZ,0,0,Trained Spotter, , , , , , , , , , , , ,434
489126,ALLEGHENY CO.,PITTSBURGH,12/22/2013,318,Thunderstorm Wind,50.00, ,0,0,1000,0,PA,EST-5,EG,81492,C,3,PBZ,0,0,Emergency Manager, , , ,0,N,0,N,PITTSBURGH,40.43,-79.98,40.43,-79.98,435
496005,ALLEGHENY (ZONE), ,01/02/2014,500,Winter Weather, , ,0,0,0,0,PA,EST-5, ,82437,Z,21,PBZ,0,0,Trained Spotter, , , , , , , , , , , , ,436
496009,ALLEGHENY (ZONE), ,01/02/2014,1900,Cold/Wind Chill, , ,0,0,0,0,PA,EST-5, ,82437,Z,21,PBZ,0,0,ASOS, , , , , , , , , , , , ,437
496159,ALLEGHENY (ZONE), ,01/05/2014,1300,Extreme Cold/Wind Chill, , ,0,0,0,0,PA,EST-5, ,82454,Z,21,PBZ,0,0,ASOS, , , , , , , , , , , , ,438
495992,ALLEGHENY (ZONE), ,01/21/2014,2100,Cold/Wind Chill, , ,0,0,0,0,PA,EST-5, ,82432,Z,21,PBZ,0,0,AWOS, , , , , , , , , , , , ,439
496181,ALLEGHENY (ZONE), ,01/25/2014,300,Winter Weather, , ,0,0,0,0,PA,EST-5, ,82466,Z,21,PBZ,0,0,Official NWS Observations, , , , , , , , , , , , ,440
496200,ALLEGHENY (ZONE), ,01/27/2014,500,Extreme Cold/Wind Chill, , ,0,0,0,0,PA,EST-5, ,82468,Z,21,PBZ,0,0,ASOS, , , , , , , , , , , , ,441
498848,ALLEGHENY (ZONE), ,02/04/2014,2200,Winter Storm, , ,0,0,0,0,PA,EST-5, ,82764,Z,21,PBZ,0,0,Trained Spotter, , , , , , , , , , , , ,442
500907,ALLEGHENY (ZONE), ,03/02/2014,400,Winter Weather, , ,0,0,0,0,PA,EST-5, ,83053,Z,21,PBZ,0,0,Official NWS Observations, , , , , , , , , , , , ,443
524092,ALLEGHENY CO.,CARNOT,05/27/2014,1340,Thunderstorm Wind,50.00, ,0,0,250,0,PA,EST-5,EG,86780,C,3,PBZ,0,0,NWS Employee, , , ,1,SE,1,SE,CARNOT,40.5076,-80.2045,40.5076,-80.2045,444
524094,ALLEGHENY CO.,BAUERSTOWN,05/27/2014,1928,Thunderstorm Wind,50.00, ,0,0,250,0,PA,EST-5,EG,86780,C,3,PBZ,0,0,State Official, , , ,0,WNW,0,WNW,BAUERSTOWN,40.5008,-80.004,40.5008,-80.004,445
524096,ALLEGHENY CO.,WHITAKER,05/27/2014,1930,Thunderstorm Wind,50.00, ,0,0,250,0,PA,EST-5,EG,86780,C,3,PBZ,0,0,Law Enforcement, , , ,1,SW,1,SW,WHITAKER,40.3948,-79.8888,40.3948,-79.8888,446
524123,ALLEGHENY CO.,BAUERSTOWN,05/27/2014,1930,Thunderstorm Wind,50.00, ,0,0,1000,0,PA,EST-5,EG,86780,C,3,PBZ,0,0,911 Call Center, , , ,1,SSE,1,SSE,BAUERSTOWN,40.4925,-79.9961,40.4925,-79.9961,447
524097,ALLEGHENY CO.,OPTION,05/27/2014,1930,Thunderstorm Wind,50.00, ,0,0,500,0,PA,EST-5,EG,86780,C,3,PBZ,0,0,Public, , , ,1,NNE,1,NNE,OPTION,40.4501,-79.974,40.4501,-79.974,448
524098,ALLEGHENY CO.,OPTION,05/27/2014,1935,Thunderstorm Wind,50.00, ,0,0,1000,0,PA,EST-5,EG,86780,C,3,PBZ,0,0,Law Enforcement, , , ,1,N,1,N,OPTION,40.44,-79.98,40.44,-79.98,449
524099,ALLEGHENY CO.,PITTOCK,05/27/2014,1946,Thunderstorm Wind,50.00, ,0,0,1000,0,PA,EST-5,EG,86780,C,3,PBZ,0,0,Law Enforcement, , , ,1,NNE,1,NNE,PITTOCK,40.4923,-80.1116,40.4923,-80.1116,450
524127,ALLEGHENY CO.,BOYCE,05/27/2014,2320,Flood, , ,0,0,0,0,PA,EST-5, ,86780,C,3,PBZ,0,0,State Official,Heavy Rain, , ,1,W,1,W,BOYCE,40.3216,-80.119,40.3188,-80.1201,451
524128,ALLEGHENY CO.,LIBRARY,05/27/2014,2325,Flood, , ,0,0,0,0,PA,EST-5, ,86780,C,3,PBZ,0,0,State Official,Heavy Rain, , ,1,SE,1,SSE,LIBRARY,40.29,-80.02,40.2872,-80.0191,452
516745,ALLEGHENY CO.,CARNOT,06/03/2014,1623,Hail,0.75, ,0,0,0,0,PA,EST-5, ,85547,C,3,PBZ,0,0,Official NWS Observations, , , ,1,N,1,N,CARNOT,40.53,-80.22,40.53,-80.22,453
516746,ALLEGHENY CO.,CARNOT,06/03/2014,1625,Hail,0.88, ,0,0,0,0,PA,EST-5, ,85547,C,3,PBZ,0,0,Official NWS Observations, , , ,1,N,1,N,CARNOT,40.53,-80.22,40.53,-80.22,454
516751,ALLEGHENY CO.,ALLISON PARK,06/03/2014,1640,Thunderstorm Wind,50.00, ,0,0,2000,0,PA,EST-5,EG,85547,C,3,PBZ,0,0,Emergency Manager, , , ,2,WNW,2,WNW,ALLISON PARK,40.58,-80,40.58,-80,455
516808,ALLEGHENY CO.,MC KEES ROCKS,06/11/2014,1707,Thunderstorm Wind,50.00, ,0,0,5000,0,PA,EST-5,EG,85560,C,3,PBZ,0,0,Law Enforcement, , , ,2,SE,2,SE,MC KEES ROCKS,40.4501,-80.0619,40.4501,-80.0619,456
516810,ALLEGHENY CO.,INGRAM,06/11/2014,1710,Thunderstorm Wind,50.00, ,0,0,5000,0,PA,EST-5,EG,85560,C,3,PBZ,0,0,Law Enforcement, , , ,2,NE,2,NE,INGRAM,40.4441,-80.0562,40.4441,-80.0562,457
516815,ALLEGHENY CO.,OPTION,06/11/2014,1712,Thunderstorm Wind,50.00, ,0,0,5000,0,PA,EST-5,EG,85560,C,3,PBZ,0,0,Law Enforcement, , , ,1,N,1,N,OPTION,40.44,-79.98,40.44,-79.98,458
516816,ALLEGHENY CO.,AVALON,06/11/2014,1712,Thunderstorm Wind,50.00, ,0,0,0,0,PA,EST-5,EG,85560,C,3,PBZ,0,0,Law Enforcement, , , ,1,SW,1,SW,AVALON,40.49,-80.03,40.49,-80.03,459
516822,ALLEGHENY CO.,BELLEVUE,06/11/2014,1715,Thunderstorm Wind,50.00, ,0,0,500,0,PA,EST-5,EG,85560,C,3,PBZ,0,0,Public, , , ,1,N,1,N,BELLEVUE,40.48,-80.02,40.48,-80.02,460
516826,ALLEGHENY CO.,HILLDALE,06/11/2014,1730,Thunderstorm Wind,50.00, ,0,0,0,0,PA,EST-5,EG,85560,C,3,PBZ,0,0,Law Enforcement, , , ,1,SW,1,SW,HILLDALE,40.24,-79.89,40.24,-79.89,461
516827,ALLEGHENY CO.,MC KEESPORT,06/11/2014,1730,Thunderstorm Wind,50.00, ,0,0,15000,0,PA,EST-5,EG,85560,C,3,PBZ,0,0,Emergency Manager, , , ,1,NNW,1,NNW,MC KEESPORT,40.3406,-79.8369,40.3406,-79.8369,462
516853,ALLEGHENY CO.,ELFINWILD,06/12/2014,1800,Flood, , ,0,0,2000,0,PA,EST-5, ,85563,C,3,PBZ,0,0,Law Enforcement,Heavy Rain, , ,1,W,1,SW,ELFINWILD,40.5524,-79.9959,40.539,-79.9873,463
516849,ALLEGHENY CO.,SHALECREST,06/12/2014,1812,Flood, , ,0,0,2000,0,PA,EST-5, ,85563,C,3,PBZ,0,0,Law Enforcement,Heavy Rain, , ,1,NE,1,NNE,SHALECREST,40.5307,-79.9601,40.5307,-79.9613,464
516851,ALLEGHENY CO.,PORT VUE,06/12/2014,1901,Flood, , ,0,0,2000,0,PA,EST-5, ,85563,C,3,PBZ,0,0,Law Enforcement,Heavy Rain, , ,1,WSW,1,WSW,PORT VUE,40.3451,-79.8839,40.3445,-79.8845,465
516852,ALLEGHENY CO.,NEW TEXAS,06/12/2014,2138,Flood, , ,0,0,10000,0,PA,EST-5, ,85563,C,3,PBZ,0,0,Law Enforcement,Heavy Rain, , ,0,N,1,SW,RENTON,40.5,-79.75,40.4938,-79.7377,466
516855,ALLEGHENY CO.,WILKINS TOWNSHIP,06/13/2014,1730,Flood, , ,0,0,3000,0,PA,EST-5, ,85564,C,3,PBZ,0,0,Law Enforcement,Heavy Rain, , ,0,W,0,W,WILKINS TOWNSHIP,40.4495,-79.8274,40.4495,-79.827,467
516857,ALLEGHENY CO.,DRAVOSBURG,06/13/2014,1740,Flood, , ,0,0,1000,0,PA,EST-5, ,85564,C,3,PBZ,0,0,Law Enforcement,Heavy Rain, , ,0,E,1,E,DRAVOSBURG,40.351,-79.8908,40.3509,-79.8904,468
516859,ALLEGHENY CO.,MC KEESPORT,06/13/2014,1741,Flood, , ,0,0,1000,0,PA,EST-5, ,85564,C,3,PBZ,0,0,Law Enforcement,Heavy Rain, , ,1,S,1,S,MC KEESPORT,40.3138,-79.8298,40.3132,-79.8293,469
516861,ALLEGHENY CO.,RIVERTON,06/13/2014,1750,Flood, , ,0,0,1000,0,PA,EST-5, ,85564,C,3,PBZ,0,0,Law Enforcement,Heavy Rain, , ,1,NNE,1,NNE,RIVERTON,40.3598,-79.8456,40.3604,-79.8445,470
516937,ALLEGHENY CO.,CLINTON,06/18/2014,2040,Thunderstorm Wind,50.00, ,0,0,1000,0,PA,EST-5,EG,85569,C,3,PBZ,0,0,NWS Employee, , , ,1,SE,1,SE,CLINTON,40.49,-80.29,40.49,-80.29,471
516938,ALLEGHENY CO.,IMPERIAL,06/18/2014,2043,Thunderstorm Wind,50.00, ,0,0,5000,0,PA,EST-5,EG,85569,C,3,PBZ,0,0,Trained Spotter, , , ,1,S,1,S,IMPERIAL,40.43,-80.25,40.43,-80.25,472
516943,ALLEGHENY CO.,SYGAN,06/18/2014,2052,Thunderstorm Wind,50.00, ,0,0,5000,0,PA,EST-5,EG,85569,C,3,PBZ,0,0,Social Media, , , ,1,E,1,E,SYGAN,40.35,-80.11,40.35,-80.11,473
516939,ALLEGHENY CO.,LINHART,06/18/2014,2105,Thunderstorm Wind,50.00, ,0,0,3000,0,PA,EST-5,EG,85569,C,3,PBZ,0,0,Emergency Manager, , , ,1,N,1,N,LINHART,40.44,-79.82,40.44,-79.82,474
516930,ALLEGHENY CO.,ROSEDALE,06/18/2014,2106,Thunderstorm Wind,50.00, ,0,0,10000,0,PA,EST-5,EG,85569,C,3,PBZ,0,0,Emergency Manager, , , ,1,W,1,W,ROSEDALE,40.48,-79.83,40.48,-79.83,475
517145,ALLEGHENY CO.,BON MEADE,06/24/2014,1730,Thunderstorm Wind,74.00, ,0,0,100000,0,PA,EST-5,EG,85601,C,3,PBZ,0,0,NWS Storm Survey, , , ,1,N,1,WNW,ANDERSON RD,40.56,-80.248,40.5749,-80.2354,476
517140,ALLEGHENY CO.,NATRONA,06/24/2014,1805,Thunderstorm Wind,50.00, ,0,0,10000,0,PA,EST-5,EG,85601,C,3,PBZ,0,0,Emergency Manager, , , ,0,N,0,N,NATRONA,40.62,-79.73,40.62,-79.73,477
517139,ALLEGHENY CO.,TARENTUM REMICH ARPT,06/24/2014,1805,Thunderstorm Wind,50.00, ,0,0,10000,0,PA,EST-5,EG,85601,C,3,PBZ,0,0,Emergency Manager, , , ,1,ENE,1,ENE,TARENTUM REMICH ARPT,40.61,-79.8,40.61,-79.8,478
517138,ALLEGHENY CO.,BRACKENRIDGE,06/24/2014,1805,Thunderstorm Wind,50.00, ,0,0,10000,0,PA,EST-5,EG,85601,C,3,PBZ,0,0,Emergency Manager, , , ,1,SW,1,SW,BRACKENRIDGE,40.61,-79.76,40.61,-79.76,479
517165,ALLEGHENY CO.,ROOK,06/28/2014,1934,Flash Flood, , ,0,0,5000,0,PA,EST-5, ,85631,C,3,PBZ,0,0,Law Enforcement,Heavy Rain, , ,1,SSW,1,SSW,ROOK,40.3912,-80.0738,40.391,-80.0736,480
517166,ALLEGHENY CO.,HEIDELBURG,06/28/2014,2000,Flash Flood, , ,0,0,15000,0,PA,EST-5, ,85631,C,3,PBZ,0,0,Fire Department/Rescue,Heavy Rain, , ,0,N,0,SSW,GLENDALE,40.4,-80.1,40.3969,-80.102,481
517164,ALLEGHENY CO.,CARNEGIE,06/28/2014,2019,Flash Flood, , ,0,0,10000,0,PA,EST-5, ,85631,C,3,PBZ,0,0,Law Enforcement,Heavy Rain, , ,1,SSE,0,SSE,CARNEGIE,40.4129,-80.0763,40.4144,-80.0755,482
517163,ALLEGHENY CO.,CARNEGIE,06/28/2014,2022,Flash Flood, , ,0,0,10000,0,PA,EST-5, ,85631,C,3,PBZ,0,0,Law Enforcement,Heavy Rain, , ,1,S,1,WNW,ROOK,40.4122,-80.0803,40.4051,-80.0847,483
533566,ALLEGHENY CO.,MILLERSTOWN,07/08/2014,1345,Thunderstorm Wind,50.00, ,0,0,2000,0,PA,EST-5,EG,88462,C,3,PBZ,0,0,911 Call Center, , , ,1,W,1,W,MILLERSTOWN,40.65,-79.81,40.65,-79.81,484
533615,ALLEGHENY CO.,LIBRARY,07/13/2014,1535,Thunderstorm Wind,50.00, ,0,0,15000,0,PA,EST-5,EG,88467,C,3,PBZ,0,0,State Official, , , ,1,E,1,E,LIBRARY,40.3,-80.02,40.3,-80.02,485
533616,ALLEGHENY CO.,ELIZABETH,07/13/2014,1545,Thunderstorm Wind,50.00, ,0,0,15000,0,PA,EST-5,EG,88467,C,3,PBZ,0,0,State Official, , , ,1,W,1,W,ELIZABETH,40.27,-79.89,40.27,-79.89,486
533617,ALLEGHENY CO.,BLAINE HILL,07/13/2014,1550,Thunderstorm Wind,50.00, ,0,0,2000,0,PA,EST-5,EG,88467,C,3,PBZ,0,0,State Official, , , ,1,WNW,1,WNW,BLAINE HILL,40.279,-79.8545,40.279,-79.8545,487
533618,ALLEGHENY CO.,CLAIRTON,07/13/2014,1550,Thunderstorm Wind,50.00, ,0,0,25000,0,PA,EST-5,EG,88467,C,3,PBZ,0,0,State Official, , , ,1,E,1,E,CLAIRTON,40.3,-79.89,40.3,-79.89,488
533619,ALLEGHENY CO.,EHAMA,07/13/2014,1555,Thunderstorm Wind,50.00, ,0,0,5000,0,PA,EST-5,EG,88467,C,3,PBZ,0,0,State Official, , , ,1,E,1,E,EHAMA,40.25,-79.91,40.25,-79.91,489
533620,ALLEGHENY CO.,COULTER,07/13/2014,1555,Thunderstorm Wind,50.00, ,0,0,5000,0,PA,EST-5,EG,88467,C,3,PBZ,0,0,State Official, , , ,0,N,0,N,COULTER,40.3,-79.8,40.3,-79.8,490
533621,ALLEGHENY CO.,COULTER,07/13/2014,1555,Thunderstorm Wind,50.00, ,0,0,15000,0,PA,EST-5,EG,88467,C,3,PBZ,0,0,State Official, , , ,1,NW,1,NW,COULTER,40.3073,-79.8101,40.3073,-79.8101,491
533724,ALLEGHENY CO.,BRENTWOOD,08/03/2014,854,Flood, , ,0,0,1000,0,PA,EST-5, ,88496,C,3,PBZ,0,0,Trained Spotter,Heavy Rain, , ,2,WNW,2,NW,BRENTWOOD,40.3836,-79.9971,40.3829,-79.9951,492
533725,ALLEGHENY CO.,DORMONT,08/03/2014,905,Flood, , ,0,0,25000,0,PA,EST-5, ,88496,C,3,PBZ,0,0,State Official,Heavy Rain, , ,1,ENE,2,ENE,DORMONT,40.4092,-80.0066,40.4106,-80.0049,493
533726,ALLEGHENY CO.,PORT VUE,08/03/2014,915,Flood, , ,0,0,1000,0,PA,EST-5, ,88496,C,3,PBZ,0,0,State Official,Heavy Rain, , ,0,WNW,0,W,PORT VUE,40.3506,-79.8728,40.3505,-79.8736,494
533727,ALLEGHENY CO.,WILKINS TOWNSHIP,08/03/2014,1014,Flood, , ,0,0,10000,0,PA,EST-5, ,88496,C,3,PBZ,0,0,Emergency Manager,Heavy Rain, , ,1,SSE,1,SE,WILKINS TOWNSHIP,40.4437,-79.8147,40.444,-79.8138,495
533756,ALLEGHENY CO.,BON MEADE,08/12/2014,1436,Thunderstorm Wind,50.00, ,0,0,2000,0,PA,EST-5,EG,88500,C,3,PBZ,0,0,State Official, , , ,1,E,1,E,BON MEADE,40.55,-80.24,40.55,-80.24,496
533759,ALLEGHENY CO.,HIGHLAND,08/12/2014,1502,Thunderstorm Wind,50.00, ,0,0,1000,0,PA,EST-5,EG,88500,C,3,PBZ,0,0,Social Media, , , ,2,E,2,E,HIGHLAND,40.55,-80.01,40.55,-80.01,497
533761,ALLEGHENY CO.,MILLVALE,08/12/2014,1506,Thunderstorm Wind,50.00, ,0,0,1000,0,PA,EST-5,EG,88500,C,3,PBZ,0,0,Social Media, , , ,1,W,1,W,MILLVALE,40.48,-79.99,40.48,-79.99,498
533762,ALLEGHENY CO.,MT LEBANON,08/12/2014,1508,Thunderstorm Wind,50.00, ,0,0,5000,0,PA,EST-5,EG,88500,C,3,PBZ,0,0,State Official, , , ,1,ESE,1,ESE,MT LEBANON,40.3727,-80.0047,40.3727,-80.0047,499
533764,ALLEGHENY CO.,CRAFTON,08/12/2014,1510,Thunderstorm Wind,50.00, ,0,0,500,0,PA,EST-5,EG,88500,C,3,PBZ,0,0,Trained Spotter, , , ,1,NE,1,NE,CRAFTON,40.437,-80.0228,40.437,-80.0228,500
